file,line,type,commit,author,date,time,timezone,datetime,depth,length
style.css,1,css,b79d9980,nathansso,2025-02-06,17:12:19,-08:00,2025-02-06T17:12:19-08:00,0,76
style.css,2,css,b79d9980,nathansso,2025-02-06,17:12:19,-08:00,2025-02-06T17:12:19-08:00,0,32
style.css,3,css,b79d9980,nathansso,2025-02-06,17:12:19,-08:00,2025-02-06T17:12:19-08:00,0,76
style.css,4,css,b79d9980,nathansso,2025-02-06,17:12:19,-08:00,2025-02-06T17:12:19-08:00,0,6
style.css,5,css,b79d9980,nathansso,2025-02-06,17:12:19,-08:00,2025-02-06T17:12:19-08:00,0,37
style.css,6,css,b79d9980,nathansso,2025-02-06,17:12:19,-08:00,2025-02-06T17:12:19-08:00,0,24
style.css,7,css,b79d9980,nathansso,2025-02-06,17:12:19,-08:00,2025-02-06T17:12:19-08:00,0,26
style.css,8,css,b79d9980,nathansso,2025-02-06,17:12:19,-08:00,2025-02-06T17:12:19-08:00,0,24
style.css,9,css,b79d9980,nathansso,2025-02-06,17:12:19,-08:00,2025-02-06T17:12:19-08:00,0,40
style.css,10,css,b79d9980,nathansso,2025-02-06,17:12:19,-08:00,2025-02-06T17:12:19-08:00,0,40
style.css,11,css,b79d9980,nathansso,2025-02-06,17:12:19,-08:00,2025-02-06T17:12:19-08:00,0,41
style.css,12,css,b79d9980,nathansso,2025-02-06,17:12:19,-08:00,2025-02-06T17:12:19-08:00,0,0
style.css,13,css,b79d9980,nathansso,2025-02-06,17:12:19,-08:00,2025-02-06T17:12:19-08:00,0,0
style.css,14,css,b79d9980,nathansso,2025-02-06,17:12:19,-08:00,2025-02-06T17:12:19-08:00,0,5
style.css,15,css,b79d9980,nathansso,2025-02-06,17:12:19,-08:00,2025-02-06T17:12:19-08:00,0,24
style.css,16,css,b79d9980,nathansso,2025-02-06,17:12:19,-08:00,2025-02-06T17:12:19-08:00,0,16
style.css,17,css,b79d9980,nathansso,2025-02-06,17:12:19,-08:00,2025-02-06T17:12:19-08:00,0,43
style.css,18,css,b79d9980,nathansso,2025-02-06,17:12:19,-08:00,2025-02-06T17:12:19-08:00,0,13
style.css,19,css,b79d9980,nathansso,2025-02-06,17:12:19,-08:00,2025-02-06T17:12:19-08:00,0,41
style.css,20,css,b79d9980,nathansso,2025-02-06,17:12:19,-08:00,2025-02-06T17:12:19-08:00,0,24
style.css,21,css,b79d9980,nathansso,2025-02-06,17:12:19,-08:00,2025-02-06T17:12:19-08:00,0,0
style.css,22,css,b79d9980,nathansso,2025-02-06,17:12:19,-08:00,2025-02-06T17:12:19-08:00,0,0
style.css,23,css,b79d9980,nathansso,2025-02-06,17:12:19,-08:00,2025-02-06T17:12:19-08:00,0,21
style.css,24,css,b79d9980,nathansso,2025-02-06,17:12:19,-08:00,2025-02-06T17:12:19-08:00,0,23
style.css,25,css,b79d9980,nathansso,2025-02-06,17:12:19,-08:00,2025-02-06T17:12:19-08:00,0,16
style.css,26,css,b79d9980,nathansso,2025-02-06,17:12:19,-08:00,2025-02-06T17:12:19-08:00,0,56
style.css,27,css,b79d9980,nathansso,2025-02-06,17:12:19,-08:00,2025-02-06T17:12:19-08:00,0,0
style.css,28,css,b79d9980,nathansso,2025-02-06,17:12:19,-08:00,2025-02-06T17:12:19-08:00,0,0
style.css,29,css,b79d9980,nathansso,2025-02-06,17:12:19,-08:00,2025-02-06T17:12:19-08:00,0,3
style.css,30,css,b79d9980,nathansso,2025-02-06,17:12:19,-08:00,2025-02-06T17:12:19-08:00,0,15
style.css,31,css,b79d9980,nathansso,2025-02-06,17:12:19,-08:00,2025-02-06T17:12:19-08:00,0,0
style.css,32,css,b79d9980,nathansso,2025-02-06,17:12:19,-08:00,2025-02-06T17:12:19-08:00,0,0
style.css,33,css,b79d9980,nathansso,2025-02-06,17:12:19,-08:00,2025-02-06T17:12:19-08:00,0,76
style.css,34,css,b79d9980,nathansso,2025-02-06,17:12:19,-08:00,2025-02-06T17:12:19-08:00,0,16
style.css,35,css,b79d9980,nathansso,2025-02-06,17:12:19,-08:00,2025-02-06T17:12:19-08:00,0,76
style.css,36,css,b79d9980,nathansso,2025-02-06,17:12:19,-08:00,2025-02-06T17:12:19-08:00,0,4
style.css,37,css,b79d9980,nathansso,2025-02-06,17:12:19,-08:00,2025-02-06T17:12:19-08:00,0,13
style.css,38,css,b79d9980,nathansso,2025-02-06,17:12:19,-08:00,2025-02-06T17:12:19-08:00,0,30
style.css,39,css,b79d9980,nathansso,2025-02-06,17:12:19,-08:00,2025-02-06T17:12:19-08:00,0,19
style.css,40,css,b79d9980,nathansso,2025-02-06,17:12:19,-08:00,2025-02-06T17:12:19-08:00,0,44
style.css,41,css,b79d9980,nathansso,2025-02-06,17:12:19,-08:00,2025-02-06T17:12:19-08:00,0,0
style.css,42,css,b79d9980,nathansso,2025-02-06,17:12:19,-08:00,2025-02-06T17:12:19-08:00,0,0
style.css,43,css,b79d9980,nathansso,2025-02-06,17:12:19,-08:00,2025-02-06T17:12:19-08:00,0,37
style.css,44,css,b79d9980,nathansso,2025-02-06,17:12:19,-08:00,2025-02-06T17:12:19-08:00,0,6
style.css,45,css,b79d9980,nathansso,2025-02-06,17:12:19,-08:00,2025-02-06T17:12:19-08:00,0,10
style.css,46,css,b79d9980,nathansso,2025-02-06,17:12:19,-08:00,2025-02-06T17:12:19-08:00,0,17
style.css,47,css,b79d9980,nathansso,2025-02-06,17:12:19,-08:00,2025-02-06T17:12:19-08:00,0,0
style.css,48,css,b79d9980,nathansso,2025-02-06,17:12:19,-08:00,2025-02-06T17:12:19-08:00,0,0
style.css,49,css,b79d9980,nathansso,2025-02-06,17:12:19,-08:00,2025-02-06T17:12:19-08:00,0,6
style.css,50,css,b79d9980,nathansso,2025-02-06,17:12:19,-08:00,2025-02-06T17:12:19-08:00,0,21
style.css,51,css,b79d9980,nathansso,2025-02-06,17:12:19,-08:00,2025-02-06T17:12:19-08:00,0,14
style.css,52,css,b79d9980,nathansso,2025-02-06,17:12:19,-08:00,2025-02-06T17:12:19-08:00,0,18
style.css,53,css,b79d9980,nathansso,2025-02-06,17:12:19,-08:00,2025-02-06T17:12:19-08:00,0,14
style.css,54,css,b79d9980,nathansso,2025-02-06,17:12:19,-08:00,2025-02-06T17:12:19-08:00,0,21
style.css,55,css,b79d9980,nathansso,2025-02-06,17:12:19,-08:00,2025-02-06T17:12:19-08:00,0,7
style.css,56,css,b79d9980,nathansso,2025-02-06,17:12:19,-08:00,2025-02-06T17:12:19-08:00,0,0
style.css,57,css,b79d9980,nathansso,2025-02-06,17:12:19,-08:00,2025-02-06T17:12:19-08:00,0,0
style.css,58,css,b79d9980,nathansso,2025-02-06,17:12:19,-08:00,2025-02-06T17:12:19-08:00,0,36
style.css,59,css,b79d9980,nathansso,2025-02-06,17:12:19,-08:00,2025-02-06T17:12:19-08:00,0,14
style.css,60,css,b79d9980,nathansso,2025-02-06,17:12:19,-08:00,2025-02-06T17:12:19-08:00,0,17
style.css,61,css,b79d9980,nathansso,2025-02-06,17:12:19,-08:00,2025-02-06T17:12:19-08:00,0,52
style.css,62,css,b79d9980,nathansso,2025-02-06,17:12:19,-08:00,2025-02-06T17:12:19-08:00,0,18
style.css,63,css,b79d9980,nathansso,2025-02-06,17:12:19,-08:00,2025-02-06T17:12:19-08:00,0,22
style.css,64,css,b79d9980,nathansso,2025-02-06,17:12:19,-08:00,2025-02-06T17:12:19-08:00,0,0
style.css,65,css,b79d9980,nathansso,2025-02-06,17:12:19,-08:00,2025-02-06T17:12:19-08:00,0,0
style.css,66,css,b79d9980,nathansso,2025-02-06,17:12:19,-08:00,2025-02-06T17:12:19-08:00,0,30
style.css,67,css,b79d9980,nathansso,2025-02-06,17:12:19,-08:00,2025-02-06T17:12:19-08:00,0,12
style.css,68,css,b79d9980,nathansso,2025-02-06,17:12:19,-08:00,2025-02-06T17:12:19-08:00,0,36
style.css,69,css,b79d9980,nathansso,2025-02-06,17:12:19,-08:00,2025-02-06T17:12:19-08:00,0,52
style.css,70,css,b79d9980,nathansso,2025-02-06,17:12:19,-08:00,2025-02-06T17:12:19-08:00,0,18
style.css,71,css,b79d9980,nathansso,2025-02-06,17:12:19,-08:00,2025-02-06T17:12:19-08:00,0,0
style.css,72,css,b79d9980,nathansso,2025-02-06,17:12:19,-08:00,2025-02-06T17:12:19-08:00,0,0
style.css,73,css,b79d9980,nathansso,2025-02-06,17:12:19,-08:00,2025-02-06T17:12:19-08:00,0,76
style.css,74,css,b79d9980,nathansso,2025-02-06,17:12:19,-08:00,2025-02-06T17:12:19-08:00,0,8
style.css,75,css,b79d9980,nathansso,2025-02-06,17:12:19,-08:00,2025-02-06T17:12:19-08:00,0,76
style.css,76,css,b79d9980,nathansso,2025-02-06,17:12:19,-08:00,2025-02-06T17:12:19-08:00,0,29
style.css,77,css,b79d9980,nathansso,2025-02-06,17:12:19,-08:00,2025-02-06T17:12:19-08:00,0,16
style.css,78,css,b79d9980,nathansso,2025-02-06,17:12:19,-08:00,2025-02-06T17:12:19-08:00,0,16
style.css,79,css,b79d9980,nathansso,2025-02-06,17:12:19,-08:00,2025-02-06T17:12:19-08:00,0,12
style.css,80,css,b79d9980,nathansso,2025-02-06,17:12:19,-08:00,2025-02-06T17:12:19-08:00,0,14
style.css,81,css,b79d9980,nathansso,2025-02-06,17:12:19,-08:00,2025-02-06T17:12:19-08:00,0,17
style.css,82,css,b79d9980,nathansso,2025-02-06,17:12:19,-08:00,2025-02-06T17:12:19-08:00,0,19
style.css,83,css,b79d9980,nathansso,2025-02-06,17:12:19,-08:00,2025-02-06T17:12:19-08:00,0,40
style.css,84,css,b79d9980,nathansso,2025-02-06,17:12:19,-08:00,2025-02-06T17:12:19-08:00,0,0
style.css,85,css,b79d9980,nathansso,2025-02-06,17:12:19,-08:00,2025-02-06T17:12:19-08:00,0,0
style.css,86,css,b79d9980,nathansso,2025-02-06,17:12:19,-08:00,2025-02-06T17:12:19-08:00,0,76
style.css,87,css,b79d9980,nathansso,2025-02-06,17:12:19,-08:00,2025-02-06T17:12:19-08:00,0,22
style.css,88,css,b79d9980,nathansso,2025-02-06,17:12:19,-08:00,2025-02-06T17:12:19-08:00,0,76
style.css,89,css,b79d9980,nathansso,2025-02-06,17:12:19,-08:00,2025-02-06T17:12:19-08:00,0,18
style.css,90,css,b79d9980,nathansso,2025-02-06,17:12:19,-08:00,2025-02-06T17:12:19-08:00,0,13
style.css,91,css,b79d9980,nathansso,2025-02-06,17:12:19,-08:00,2025-02-06T17:12:19-08:00,0,31
style.css,92,css,b79d9980,nathansso,2025-02-06,17:12:19,-08:00,2025-02-06T17:12:19-08:00,0,8
style.css,93,css,b79d9980,nathansso,2025-02-06,17:12:19,-08:00,2025-02-06T17:12:19-08:00,0,16
style.css,94,css,b79d9980,nathansso,2025-02-06,17:12:19,-08:00,2025-02-06T17:12:19-08:00,0,17
style.css,95,css,b79d9980,nathansso,2025-02-06,17:12:19,-08:00,2025-02-06T17:12:19-08:00,0,0
style.css,96,css,b79d9980,nathansso,2025-02-06,17:12:19,-08:00,2025-02-06T17:12:19-08:00,0,0
style.css,97,css,b79d9980,nathansso,2025-02-06,17:12:19,-08:00,2025-02-06T17:12:19-08:00,0,24
style.css,98,css,b79d9980,nathansso,2025-02-06,17:12:19,-08:00,2025-02-06T17:12:19-08:00,0,17
style.css,99,css,b79d9980,nathansso,2025-02-06,17:12:19,-08:00,2025-02-06T17:12:19-08:00,0,18
style.css,100,css,b79d9980,nathansso,2025-02-06,17:12:19,-08:00,2025-02-06T17:12:19-08:00,0,0
style.css,101,css,b79d9980,nathansso,2025-02-06,17:12:19,-08:00,2025-02-06T17:12:19-08:00,0,0
style.css,102,css,b79d9980,nathansso,2025-02-06,17:12:19,-08:00,2025-02-06T17:12:19-08:00,0,23
style.css,103,css,b79d9980,nathansso,2025-02-06,17:12:19,-08:00,2025-02-06T17:12:19-08:00,0,27
style.css,104,css,b79d9980,nathansso,2025-02-06,17:12:19,-08:00,2025-02-06T17:12:19-08:00,0,11
style.css,105,css,b79d9980,nathansso,2025-02-06,17:12:19,-08:00,2025-02-06T17:12:19-08:00,0,14
style.css,106,css,b79d9980,nathansso,2025-02-06,17:12:19,-08:00,2025-02-06T17:12:19-08:00,0,37
style.css,107,css,b79d9980,nathansso,2025-02-06,17:12:19,-08:00,2025-02-06T17:12:19-08:00,0,18
style.css,108,css,b79d9980,nathansso,2025-02-06,17:12:19,-08:00,2025-02-06T17:12:19-08:00,0,15
style.css,109,css,b79d9980,nathansso,2025-02-06,17:12:19,-08:00,2025-02-06T17:12:19-08:00,0,41
style.css,110,css,b79d9980,nathansso,2025-02-06,17:12:19,-08:00,2025-02-06T17:12:19-08:00,0,24
style.css,111,css,b79d9980,nathansso,2025-02-06,17:12:19,-08:00,2025-02-06T17:12:19-08:00,0,0
style.css,112,css,b79d9980,nathansso,2025-02-06,17:12:19,-08:00,2025-02-06T17:12:19-08:00,0,0
style.css,113,css,b79d9980,nathansso,2025-02-06,17:12:19,-08:00,2025-02-06T17:12:19-08:00,0,25
style.css,114,css,b79d9980,nathansso,2025-02-06,17:12:19,-08:00,2025-02-06T17:12:19-08:00,0,19
style.css,115,css,b79d9980,nathansso,2025-02-06,17:12:19,-08:00,2025-02-06T17:12:19-08:00,0,14
style.css,116,css,b79d9980,nathansso,2025-02-06,17:12:19,-08:00,2025-02-06T17:12:19-08:00,0,43
style.css,117,css,b79d9980,nathansso,2025-02-06,17:12:19,-08:00,2025-02-06T17:12:19-08:00,0,30
style.css,118,css,b79d9980,nathansso,2025-02-06,17:12:19,-08:00,2025-02-06T17:12:19-08:00,0,15
style.css,119,css,b79d9980,nathansso,2025-02-06,17:12:19,-08:00,2025-02-06T17:12:19-08:00,0,12
style.css,120,css,b79d9980,nathansso,2025-02-06,17:12:19,-08:00,2025-02-06T17:12:19-08:00,0,18
style.css,121,css,b79d9980,nathansso,2025-02-06,17:12:19,-08:00,2025-02-06T17:12:19-08:00,0,15
style.css,122,css,b79d9980,nathansso,2025-02-06,17:12:19,-08:00,2025-02-06T17:12:19-08:00,0,0
style.css,123,css,b79d9980,nathansso,2025-02-06,17:12:19,-08:00,2025-02-06T17:12:19-08:00,0,0
style.css,124,css,b79d9980,nathansso,2025-02-06,17:12:19,-08:00,2025-02-06T17:12:19-08:00,0,31
style.css,125,css,b79d9980,nathansso,2025-02-06,17:12:19,-08:00,2025-02-06T17:12:19-08:00,0,12
style.css,126,css,b79d9980,nathansso,2025-02-06,17:12:19,-08:00,2025-02-06T17:12:19-08:00,0,0
style.css,127,css,b79d9980,nathansso,2025-02-06,17:12:19,-08:00,2025-02-06T17:12:19-08:00,0,0
style.css,128,css,b79d9980,nathansso,2025-02-06,17:12:19,-08:00,2025-02-06T17:12:19-08:00,0,76
style.css,129,css,b79d9980,nathansso,2025-02-06,17:12:19,-08:00,2025-02-06T17:12:19-08:00,0,27
style.css,130,css,b79d9980,nathansso,2025-02-06,17:12:19,-08:00,2025-02-06T17:12:19-08:00,0,76
style.css,131,css,b79d9980,nathansso,2025-02-06,17:12:19,-08:00,2025-02-06T17:12:19-08:00,0,10
style.css,132,css,b79d9980,nathansso,2025-02-06,17:12:19,-08:00,2025-02-06T17:12:19-08:00,0,13
style.css,133,css,b79d9980,nathansso,2025-02-06,17:12:19,-08:00,2025-02-06T17:12:19-08:00,0,58
style.css,134,css,b79d9980,nathansso,2025-02-06,17:12:19,-08:00,2025-02-06T17:12:19-08:00,0,8
style.css,135,css,b79d9980,nathansso,2025-02-06,17:12:19,-08:00,2025-02-06T17:12:19-08:00,0,13
style.css,136,css,b79d9980,nathansso,2025-02-06,17:12:19,-08:00,2025-02-06T17:12:19-08:00,0,0
style.css,137,css,b79d9980,nathansso,2025-02-06,17:12:19,-08:00,2025-02-06T17:12:19-08:00,0,0
style.css,138,css,b79d9980,nathansso,2025-02-06,17:12:19,-08:00,2025-02-06T17:12:19-08:00,0,18
style.css,139,css,b79d9980,nathansso,2025-02-06,17:12:19,-08:00,2025-02-06T17:12:19-08:00,0,13
style.css,140,css,b79d9980,nathansso,2025-02-06,17:12:19,-08:00,2025-02-06T17:12:19-08:00,0,65
style.css,141,css,b79d9980,nathansso,2025-02-06,17:12:19,-08:00,2025-02-06T17:12:19-08:00,0,16
style.css,142,css,b79d9980,nathansso,2025-02-06,17:12:19,-08:00,2025-02-06T17:12:19-08:00,0,10
style.css,143,css,b79d9980,nathansso,2025-02-06,17:12:19,-08:00,2025-02-06T17:12:19-08:00,0,0
style.css,144,css,b79d9980,nathansso,2025-02-06,17:12:19,-08:00,2025-02-06T17:12:19-08:00,0,0
style.css,145,css,b79d9980,nathansso,2025-02-06,17:12:19,-08:00,2025-02-06T17:12:19-08:00,0,21
style.css,146,css,b79d9980,nathansso,2025-02-06,17:12:19,-08:00,2025-02-06T17:12:19-08:00,0,9
style.css,147,css,b79d9980,nathansso,2025-02-06,17:12:19,-08:00,2025-02-06T17:12:19-08:00,0,18
style.css,148,css,b79d9980,nathansso,2025-02-06,17:12:19,-08:00,2025-02-06T17:12:19-08:00,0,0
style.css,149,css,b79d9980,nathansso,2025-02-06,17:12:19,-08:00,2025-02-06T17:12:19-08:00,0,0
style.css,150,css,b79d9980,nathansso,2025-02-06,17:12:19,-08:00,2025-02-06T17:12:19-08:00,0,22
style.css,151,css,b79d9980,nathansso,2025-02-06,17:12:19,-08:00,2025-02-06T17:12:19-08:00,0,15
style.css,152,css,b79d9980,nathansso,2025-02-06,17:12:19,-08:00,2025-02-06T17:12:19-08:00,0,12
style.css,153,css,b79d9980,nathansso,2025-02-06,17:12:19,-08:00,2025-02-06T17:12:19-08:00,0,14
style.css,154,css,b79d9980,nathansso,2025-02-06,17:12:19,-08:00,2025-02-06T17:12:19-08:00,0,18
style.css,155,css,b79d9980,nathansso,2025-02-06,17:12:19,-08:00,2025-02-06T17:12:19-08:00,0,0
style.css,156,css,b79d9980,nathansso,2025-02-06,17:12:19,-08:00,2025-02-06T17:12:19-08:00,0,0
style.css,157,css,b79d9980,nathansso,2025-02-06,17:12:19,-08:00,2025-02-06T17:12:19-08:00,0,76
style.css,158,css,b79d9980,nathansso,2025-02-06,17:12:19,-08:00,2025-02-06T17:12:19-08:00,0,42
style.css,159,css,b79d9980,nathansso,2025-02-06,17:12:19,-08:00,2025-02-06T17:12:19-08:00,0,76
style.css,160,css,b79d9980,nathansso,2025-02-06,17:12:19,-08:00,2025-02-06T17:12:19-08:00,0,8
style.css,161,css,b79d9980,nathansso,2025-02-06,17:12:19,-08:00,2025-02-06T17:12:19-08:00,0,19
style.css,162,css,b79d9980,nathansso,2025-02-06,17:12:19,-08:00,2025-02-06T17:12:19-08:00,0,37
style.css,163,css,b79d9980,nathansso,2025-02-06,17:12:19,-08:00,2025-02-06T17:12:19-08:00,0,18
style.css,164,css,b79d9980,nathansso,2025-02-06,17:12:19,-08:00,2025-02-06T17:12:19-08:00,0,15
style.css,165,css,b79d9980,nathansso,2025-02-06,17:12:19,-08:00,2025-02-06T17:12:19-08:00,0,41
style.css,166,css,b79d9980,nathansso,2025-02-06,17:12:19,-08:00,2025-02-06T17:12:19-08:00,0,0
style.css,167,css,b79d9980,nathansso,2025-02-06,17:12:19,-08:00,2025-02-06T17:12:19-08:00,0,0
style.css,168,css,b79d9980,nathansso,2025-02-06,17:12:19,-08:00,2025-02-06T17:12:19-08:00,0,8
style.css,169,css,b79d9980,nathansso,2025-02-06,17:12:19,-08:00,2025-02-06T17:12:19-08:00,0,15
style.css,170,css,b79d9980,nathansso,2025-02-06,17:12:19,-08:00,2025-02-06T17:12:19-08:00,0,18
style.css,171,css,b79d9980,nathansso,2025-02-06,17:12:19,-08:00,2025-02-06T17:12:19-08:00,0,17
style.css,172,css,b79d9980,nathansso,2025-02-06,17:12:19,-08:00,2025-02-06T17:12:19-08:00,0,16
style.css,173,css,b79d9980,nathansso,2025-02-06,17:12:19,-08:00,2025-02-06T17:12:19-08:00,0,0
style.css,174,css,b79d9980,nathansso,2025-02-06,17:12:19,-08:00,2025-02-06T17:12:19-08:00,0,0
style.css,175,css,b79d9980,nathansso,2025-02-06,17:12:19,-08:00,2025-02-06T17:12:19-08:00,0,14
style.css,176,css,b79d9980,nathansso,2025-02-06,17:12:19,-08:00,2025-02-06T17:12:19-08:00,0,32
style.css,177,css,b79d9980,nathansso,2025-02-06,17:12:19,-08:00,2025-02-06T17:12:19-08:00,0,0
style.css,178,css,b79d9980,nathansso,2025-02-06,17:12:19,-08:00,2025-02-06T17:12:19-08:00,0,0
style.css,179,css,b79d9980,nathansso,2025-02-06,17:12:19,-08:00,2025-02-06T17:12:19-08:00,0,14
style.css,180,css,b79d9980,nathansso,2025-02-06,17:12:19,-08:00,2025-02-06T17:12:19-08:00,0,36
style.css,181,css,b79d9980,nathansso,2025-02-06,17:12:19,-08:00,2025-02-06T17:12:19-08:00,0,0
style.css,182,css,b79d9980,nathansso,2025-02-06,17:12:19,-08:00,2025-02-06T17:12:19-08:00,0,0
style.css,183,css,b79d9980,nathansso,2025-02-06,17:12:19,-08:00,2025-02-06T17:12:19-08:00,0,76
style.css,184,css,b79d9980,nathansso,2025-02-06,17:12:19,-08:00,2025-02-06T17:12:19-08:00,0,31
style.css,185,css,b79d9980,nathansso,2025-02-06,17:12:19,-08:00,2025-02-06T17:12:19-08:00,0,76
style.css,186,css,b79d9980,nathansso,2025-02-06,17:12:19,-08:00,2025-02-06T17:12:19-08:00,0,17
style.css,187,css,b79d9980,nathansso,2025-02-06,17:12:19,-08:00,2025-02-06T17:12:19-08:00,0,18
style.css,188,css,b79d9980,nathansso,2025-02-06,17:12:19,-08:00,2025-02-06T17:12:19-08:00,0,17
style.css,189,css,b79d9980,nathansso,2025-02-06,17:12:19,-08:00,2025-02-06T17:12:19-08:00,0,15
style.css,190,css,b79d9980,nathansso,2025-02-06,17:12:19,-08:00,2025-02-06T17:12:19-08:00,0,41
style.css,191,css,b79d9980,nathansso,2025-02-06,17:12:19,-08:00,2025-02-06T17:12:19-08:00,0,19
style.css,192,css,b79d9980,nathansso,2025-02-06,17:12:19,-08:00,2025-02-06T17:12:19-08:00,0,40
style.css,193,css,b79d9980,nathansso,2025-02-06,17:12:19,-08:00,2025-02-06T17:12:19-08:00,0,16
style.css,194,css,b79d9980,nathansso,2025-02-06,17:12:19,-08:00,2025-02-06T17:12:19-08:00,0,0
style.css,195,css,b79d9980,nathansso,2025-02-06,17:12:19,-08:00,2025-02-06T17:12:19-08:00,0,0
style.css,196,css,b79d9980,nathansso,2025-02-06,17:12:19,-08:00,2025-02-06T17:12:19-08:00,0,18
style.css,197,css,b79d9980,nathansso,2025-02-06,17:12:19,-08:00,2025-02-06T17:12:19-08:00,0,21
style.css,198,css,b79d9980,nathansso,2025-02-06,17:12:19,-08:00,2025-02-06T17:12:19-08:00,0,0
style.css,199,css,b79d9980,nathansso,2025-02-06,17:12:19,-08:00,2025-02-06T17:12:19-08:00,0,0
style.css,200,css,b79d9980,nathansso,2025-02-06,17:12:19,-08:00,2025-02-06T17:12:19-08:00,0,12
style.css,201,css,b79d9980,nathansso,2025-02-06,17:12:19,-08:00,2025-02-06T17:12:19-08:00,0,17
style.css,202,css,b79d9980,nathansso,2025-02-06,17:12:19,-08:00,2025-02-06T17:12:19-08:00,0,17
style.css,203,css,b79d9980,nathansso,2025-02-06,17:12:19,-08:00,2025-02-06T17:12:19-08:00,0,24
style.css,204,css,b79d9980,nathansso,2025-02-06,17:12:19,-08:00,2025-02-06T17:12:19-08:00,0,21
style.css,205,css,b79d9980,nathansso,2025-02-06,17:12:19,-08:00,2025-02-06T17:12:19-08:00,0,0
style.css,206,css,b79d9980,nathansso,2025-02-06,17:12:19,-08:00,2025-02-06T17:12:19-08:00,0,0
style.css,207,css,b79d9980,nathansso,2025-02-06,17:12:19,-08:00,2025-02-06T17:12:19-08:00,0,14
style.css,208,css,b79d9980,nathansso,2025-02-06,17:12:19,-08:00,2025-02-06T17:12:19-08:00,0,15
style.css,209,css,b79d9980,nathansso,2025-02-06,17:12:19,-08:00,2025-02-06T17:12:19-08:00,0,24
style.css,210,css,b79d9980,nathansso,2025-02-06,17:12:19,-08:00,2025-02-06T17:12:19-08:00,0,0
style.css,211,css,b79d9980,nathansso,2025-02-06,17:12:19,-08:00,2025-02-06T17:12:19-08:00,0,0
style.css,212,css,b79d9980,nathansso,2025-02-06,17:12:19,-08:00,2025-02-06T17:12:19-08:00,0,16
style.css,213,css,b79d9980,nathansso,2025-02-06,17:12:19,-08:00,2025-02-06T17:12:19-08:00,0,32
style.css,214,css,b79d9980,nathansso,2025-02-06,17:12:19,-08:00,2025-02-06T17:12:19-08:00,0,21
style.css,215,css,b79d9980,nathansso,2025-02-06,17:12:19,-08:00,2025-02-06T17:12:19-08:00,0,16
style.css,216,css,b79d9980,nathansso,2025-02-06,17:12:19,-08:00,2025-02-06T17:12:19-08:00,0,0
style.css,217,css,b79d9980,nathansso,2025-02-06,17:12:19,-08:00,2025-02-06T17:12:19-08:00,0,0
style.css,218,css,b79d9980,nathansso,2025-02-06,17:12:19,-08:00,2025-02-06T17:12:19-08:00,0,22
style.css,219,css,b79d9980,nathansso,2025-02-06,17:12:19,-08:00,2025-02-06T17:12:19-08:00,0,26
style.css,220,css,b79d9980,nathansso,2025-02-06,17:12:19,-08:00,2025-02-06T17:12:19-08:00,0,0
style.css,221,css,b79d9980,nathansso,2025-02-06,17:12:19,-08:00,2025-02-06T17:12:19-08:00,0,0
style.css,222,css,b79d9980,nathansso,2025-02-06,17:12:19,-08:00,2025-02-06T17:12:19-08:00,0,21
style.css,223,css,b79d9980,nathansso,2025-02-06,17:12:19,-08:00,2025-02-06T17:12:19-08:00,0,17
style.css,224,css,b79d9980,nathansso,2025-02-06,17:12:19,-08:00,2025-02-06T17:12:19-08:00,0,24
style.css,225,css,b79d9980,nathansso,2025-02-06,17:12:19,-08:00,2025-02-06T17:12:19-08:00,0,16
style.css,226,css,b79d9980,nathansso,2025-02-06,17:12:19,-08:00,2025-02-06T17:12:19-08:00,0,0
style.css,227,css,b79d9980,nathansso,2025-02-06,17:12:19,-08:00,2025-02-06T17:12:19-08:00,0,0
style.css,228,css,b79d9980,nathansso,2025-02-06,17:12:19,-08:00,2025-02-06T17:12:19-08:00,0,12
style.css,229,css,b79d9980,nathansso,2025-02-06,17:12:19,-08:00,2025-02-06T17:12:19-08:00,0,17
style.css,230,css,b79d9980,nathansso,2025-02-06,17:12:19,-08:00,2025-02-06T17:12:19-08:00,0,16
style.css,231,css,b79d9980,nathansso,2025-02-06,17:12:19,-08:00,2025-02-06T17:12:19-08:00,0,21
style.css,232,css,b79d9980,nathansso,2025-02-06,17:12:19,-08:00,2025-02-06T17:12:19-08:00,0,24
style.css,233,css,b79d9980,nathansso,2025-02-06,17:12:19,-08:00,2025-02-06T17:12:19-08:00,0,0
style.css,234,css,b79d9980,nathansso,2025-02-06,17:12:19,-08:00,2025-02-06T17:12:19-08:00,0,0
style.css,235,css,b79d9980,nathansso,2025-02-06,17:12:19,-08:00,2025-02-06T17:12:19-08:00,0,13
style.css,236,css,b79d9980,nathansso,2025-02-06,17:12:19,-08:00,2025-02-06T17:12:19-08:00,0,18
style.css,237,css,b79d9980,nathansso,2025-02-06,17:12:19,-08:00,2025-02-06T17:12:19-08:00,0,21
style.css,238,css,b79d9980,nathansso,2025-02-06,17:12:19,-08:00,2025-02-06T17:12:19-08:00,0,0
style.css,239,css,b79d9980,nathansso,2025-02-06,17:12:19,-08:00,2025-02-06T17:12:19-08:00,0,0
style.css,240,css,b79d9980,nathansso,2025-02-06,17:12:19,-08:00,2025-02-06T17:12:19-08:00,0,5
style.css,241,css,b79d9980,nathansso,2025-02-06,17:12:19,-08:00,2025-02-06T17:12:19-08:00,0,16
style.css,242,css,b79d9980,nathansso,2025-02-06,17:12:19,-08:00,2025-02-06T17:12:19-08:00,0,32
style.css,243,css,b79d9980,nathansso,2025-02-06,17:12:19,-08:00,2025-02-06T17:12:19-08:00,0,0
style.css,244,css,b79d9980,nathansso,2025-02-06,17:12:19,-08:00,2025-02-06T17:12:19-08:00,0,0
style.css,245,css,b79d9980,nathansso,2025-02-06,17:12:19,-08:00,2025-02-06T17:12:19-08:00,0,76
style.css,246,css,b79d9980,nathansso,2025-02-06,17:12:19,-08:00,2025-02-06T17:12:19-08:00,0,23
style.css,247,css,b79d9980,nathansso,2025-02-06,17:12:19,-08:00,2025-02-06T17:12:19-08:00,0,76
style.css,248,css,b79d9980,nathansso,2025-02-06,17:12:19,-08:00,2025-02-06T17:12:19-08:00,0,33
style.css,249,css,b79d9980,nathansso,2025-02-06,17:12:19,-08:00,2025-02-06T17:12:19-08:00,0,14
style.css,250,css,b79d9980,nathansso,2025-02-06,17:12:19,-08:00,2025-02-06T17:12:19-08:00,0,15
style.css,251,css,b79d9980,nathansso,2025-02-06,17:12:19,-08:00,2025-02-06T17:12:19-08:00,0,9
style.css,252,css,b79d9980,nathansso,2025-02-06,17:12:19,-08:00,2025-02-06T17:12:19-08:00,0,11
style.css,253,css,b79d9980,nathansso,2025-02-06,17:12:19,-08:00,2025-02-06T17:12:19-08:00,0,14
style.css,254,css,b79d9980,nathansso,2025-02-06,17:12:19,-08:00,2025-02-06T17:12:19-08:00,0,41
style.css,255,css,b79d9980,nathansso,2025-02-06,17:12:19,-08:00,2025-02-06T17:12:19-08:00,0,15
style.css,256,css,b79d9980,nathansso,2025-02-06,17:12:19,-08:00,2025-02-06T17:12:19-08:00,0,18
style.css,257,css,b79d9980,nathansso,2025-02-06,17:12:19,-08:00,2025-02-06T17:12:19-08:00,0,40
style.css,258,css,b79d9980,nathansso,2025-02-06,17:12:19,-08:00,2025-02-06T17:12:19-08:00,0,0
style.css,259,css,b79d9980,nathansso,2025-02-06,17:12:19,-08:00,2025-02-06T17:12:19-08:00,0,0
style.css,260,css,b79d9980,nathansso,2025-02-06,17:12:19,-08:00,2025-02-06T17:12:19-08:00,0,21
style.css,261,css,b79d9980,nathansso,2025-02-06,17:12:19,-08:00,2025-02-06T17:12:19-08:00,0,20
style.css,262,css,b79d9980,nathansso,2025-02-06,17:12:19,-08:00,2025-02-06T17:12:19-08:00,0,41
style.css,263,css,b79d9980,nathansso,2025-02-06,17:12:19,-08:00,2025-02-06T17:12:19-08:00,0,24
style.css,264,css,b79d9980,nathansso,2025-02-06,17:12:19,-08:00,2025-02-06T17:12:19-08:00,0,37
style.css,265,css,b79d9980,nathansso,2025-02-06,17:12:19,-08:00,2025-02-06T17:12:19-08:00,0,18
style.css,266,css,b79d9980,nathansso,2025-02-06,17:12:19,-08:00,2025-02-06T17:12:19-08:00,0,15
style.css,267,css,b79d9980,nathansso,2025-02-06,17:12:19,-08:00,2025-02-06T17:12:19-08:00,0,0
style.css,268,css,b79d9980,nathansso,2025-02-06,17:12:19,-08:00,2025-02-06T17:12:19-08:00,0,0
style.css,269,css,b79d9980,nathansso,2025-02-06,17:12:19,-08:00,2025-02-06T17:12:19-08:00,0,51
style.css,270,css,b79d9980,nathansso,2025-02-06,17:12:19,-08:00,2025-02-06T17:12:19-08:00,0,18
style.css,271,css,b79d9980,nathansso,2025-02-06,17:12:19,-08:00,2025-02-06T17:12:19-08:00,0,13
style.css,272,css,b79d9980,nathansso,2025-02-06,17:12:19,-08:00,2025-02-06T17:12:19-08:00,0,68
style.css,273,css,b79d9980,nathansso,2025-02-06,17:12:19,-08:00,2025-02-06T17:12:19-08:00,0,18
style.css,274,css,b79d9980,nathansso,2025-02-06,17:12:19,-08:00,2025-02-06T17:12:19-08:00,0,0
style.css,275,css,b79d9980,nathansso,2025-02-06,17:12:19,-08:00,2025-02-06T17:12:19-08:00,0,0
style.css,276,css,b79d9980,nathansso,2025-02-06,17:12:19,-08:00,2025-02-06T17:12:19-08:00,0,18
style.css,277,css,b79d9980,nathansso,2025-02-06,17:12:19,-08:00,2025-02-06T17:12:19-08:00,0,17
style.css,278,css,b79d9980,nathansso,2025-02-06,17:12:19,-08:00,2025-02-06T17:12:19-08:00,0,11
style.css,279,css,b79d9980,nathansso,2025-02-06,17:12:19,-08:00,2025-02-06T17:12:19-08:00,0,0
style.css,280,css,b79d9980,nathansso,2025-02-06,17:12:19,-08:00,2025-02-06T17:12:19-08:00,0,0
style.css,281,css,b79d9980,nathansso,2025-02-06,17:12:19,-08:00,2025-02-06T17:12:19-08:00,0,18
style.css,282,css,b79d9980,nathansso,2025-02-06,17:12:19,-08:00,2025-02-06T17:12:19-08:00,0,9
style.css,283,css,b79d9980,nathansso,2025-02-06,17:12:19,-08:00,2025-02-06T17:12:19-08:00,0,11
style.css,284,css,b79d9980,nathansso,2025-02-06,17:12:19,-08:00,2025-02-06T17:12:19-08:00,0,0
style.css,285,css,b79d9980,nathansso,2025-02-06,17:12:19,-08:00,2025-02-06T17:12:19-08:00,0,0
style.css,286,css,b79d9980,nathansso,2025-02-06,17:12:19,-08:00,2025-02-06T17:12:19-08:00,0,28
style.css,287,css,b79d9980,nathansso,2025-02-06,17:12:19,-08:00,2025-02-06T17:12:19-08:00,0,8
style.css,288,css,b79d9980,nathansso,2025-02-06,17:12:19,-08:00,2025-02-06T17:12:19-08:00,0,21
style.css,289,css,b79d9980,nathansso,2025-02-06,17:12:19,-08:00,2025-02-06T17:12:19-08:00,0,0
style.css,290,css,b79d9980,nathansso,2025-02-06,17:12:19,-08:00,2025-02-06T17:12:19-08:00,0,0
style.css,291,css,b79d9980,nathansso,2025-02-06,17:12:19,-08:00,2025-02-06T17:12:19-08:00,0,30
style.css,292,css,b79d9980,nathansso,2025-02-06,17:12:19,-08:00,2025-02-06T17:12:19-08:00,0,15
style.css,293,css,b79d9980,nathansso,2025-02-06,17:12:19,-08:00,2025-02-06T17:12:19-08:00,0,15
style.css,294,css,b79d9980,nathansso,2025-02-06,17:12:19,-08:00,2025-02-06T17:12:19-08:00,0,12
style.css,295,css,b79d9980,nathansso,2025-02-06,17:12:19,-08:00,2025-02-06T17:12:19-08:00,0,16
style.css,296,css,b79d9980,nathansso,2025-02-06,17:12:19,-08:00,2025-02-06T17:12:19-08:00,0,0
style.css,297,css,b79d9980,nathansso,2025-02-06,17:12:19,-08:00,2025-02-06T17:12:19-08:00,0,0
style.css,298,css,b79d9980,nathansso,2025-02-06,17:12:19,-08:00,2025-02-06T17:12:19-08:00,0,17
style.css,299,css,b79d9980,nathansso,2025-02-06,17:12:19,-08:00,2025-02-06T17:12:19-08:00,0,13
style.css,300,css,b79d9980,nathansso,2025-02-06,17:12:19,-08:00,2025-02-06T17:12:19-08:00,0,22
style.css,301,css,b79d9980,nathansso,2025-02-06,17:12:19,-08:00,2025-02-06T17:12:19-08:00,0,0
style.css,302,css,b79d9980,nathansso,2025-02-06,17:12:19,-08:00,2025-02-06T17:12:19-08:00,0,0
style.css,303,css,b79d9980,nathansso,2025-02-06,17:12:19,-08:00,2025-02-06T17:12:19-08:00,0,13
style.css,304,css,b79d9980,nathansso,2025-02-06,17:12:19,-08:00,2025-02-06T17:12:19-08:00,0,21
style.css,305,css,b79d9980,nathansso,2025-02-06,17:12:19,-08:00,2025-02-06T17:12:19-08:00,0,16
style.css,306,css,b79d9980,nathansso,2025-02-06,17:12:19,-08:00,2025-02-06T17:12:19-08:00,0,0
style.css,307,css,b79d9980,nathansso,2025-02-06,17:12:19,-08:00,2025-02-06T17:12:19-08:00,0,0
style.css,308,css,b79d9980,nathansso,2025-02-06,17:12:19,-08:00,2025-02-06T17:12:19-08:00,0,6
style.css,309,css,b79d9980,nathansso,2025-02-06,17:12:19,-08:00,2025-02-06T17:12:19-08:00,0,11
style.css,310,css,b79d9980,nathansso,2025-02-06,17:12:19,-08:00,2025-02-06T17:12:19-08:00,0,16
style.css,311,css,b79d9980,nathansso,2025-02-06,17:12:19,-08:00,2025-02-06T17:12:19-08:00,0,0
style.css,312,css,b79d9980,nathansso,2025-02-06,17:12:19,-08:00,2025-02-06T17:12:19-08:00,0,0
style.css,313,css,bb6fe570,nathansso,2025-02-07,18:15:32,-08:00,2025-02-07T18:15:32-08:00,0,76
style.css,314,css,b79d9980,nathansso,2025-02-06,17:12:19,-08:00,2025-02-06T17:12:19-08:00,0,19
style.css,315,css,bb6fe570,nathansso,2025-02-07,18:15:32,-08:00,2025-02-07T18:15:32-08:00,0,76
style.css,316,css,bb6fe570,nathansso,2025-02-07,18:15:32,-08:00,2025-02-07T18:15:32-08:00,0,19
style.css,317,css,bb6fe570,nathansso,2025-02-07,18:15:32,-08:00,2025-02-07T18:15:32-08:00,0,15
style.css,318,css,bb6fe570,nathansso,2025-02-07,18:15:32,-08:00,2025-02-07T18:15:32-08:00,0,17
style.css,319,css,bb6fe570,nathansso,2025-02-07,18:15:32,-08:00,2025-02-07T18:15:32-08:00,0,0
style.css,320,css,bb6fe570,nathansso,2025-02-07,18:15:32,-08:00,2025-02-07T18:15:32-08:00,0,17
style.css,321,css,bb6fe570,nathansso,2025-02-07,18:15:32,-08:00,2025-02-07T18:15:32-08:00,0,0
style.css,322,css,bb6fe570,nathansso,2025-02-07,18:15:32,-08:00,2025-02-07T18:15:32-08:00,0,18
style.css,323,css,bb6fe570,nathansso,2025-02-07,18:15:32,-08:00,2025-02-07T18:15:32-08:00,0,17
style.css,324,css,bb6fe570,nathansso,2025-02-07,18:15:32,-08:00,2025-02-07T18:15:32-08:00,0,12
style.css,325,css,bb6fe570,nathansso,2025-02-07,18:15:32,-08:00,2025-02-07T18:15:32-08:00,0,0
style.css,326,css,bb6fe570,nathansso,2025-02-07,18:15:32,-08:00,2025-02-07T18:15:32-08:00,0,0
style.css,327,css,bb6fe570,nathansso,2025-02-07,18:15:32,-08:00,2025-02-07T18:15:32-08:00,0,0
style.css,328,css,bb6fe570,nathansso,2025-02-07,18:15:32,-08:00,2025-02-07T18:15:32-08:00,0,10
style.css,329,css,bb6fe570,nathansso,2025-02-07,18:15:32,-08:00,2025-02-07T18:15:32-08:00,0,36
style.css,330,css,bb6fe570,nathansso,2025-02-07,18:15:32,-08:00,2025-02-07T18:15:32-08:00,0,0
style.css,331,css,bb6fe570,nathansso,2025-02-07,18:15:32,-08:00,2025-02-07T18:15:32-08:00,0,11
style.css,332,css,bb6fe570,nathansso,2025-02-07,18:15:32,-08:00,2025-02-07T18:15:32-08:00,0,18
style.css,333,css,bb6fe570,nathansso,2025-02-07,18:15:32,-08:00,2025-02-07T18:15:32-08:00,0,0
style.css,334,css,bb6fe570,nathansso,2025-02-07,18:15:32,-08:00,2025-02-07T18:15:32-08:00,0,0
style.css,335,css,bb6fe570,nathansso,2025-02-07,18:15:32,-08:00,2025-02-07T18:15:32-08:00,0,0
style.css,336,css,bb6fe570,nathansso,2025-02-07,18:15:32,-08:00,2025-02-07T18:15:32-08:00,0,0
style.css,337,css,bb6fe570,nathansso,2025-02-07,18:15:32,-08:00,2025-02-07T18:15:32-08:00,0,8
style.css,338,css,bb6fe570,nathansso,2025-02-07,18:15:32,-08:00,2025-02-07T18:15:32-08:00,0,13
style.css,339,css,bb6fe570,nathansso,2025-02-07,18:15:32,-08:00,2025-02-07T18:15:32-08:00,0,58
style.css,340,css,bb6fe570,nathansso,2025-02-07,18:15:32,-08:00,2025-02-07T18:15:32-08:00,0,9
style.css,341,css,bb6fe570,nathansso,2025-02-07,18:15:32,-08:00,2025-02-07T18:15:32-08:00,0,16
style.css,342,css,bb6fe570,nathansso,2025-02-07,18:15:32,-08:00,2025-02-07T18:15:32-08:00,0,10
style.css,343,css,bb6fe570,nathansso,2025-02-07,18:15:32,-08:00,2025-02-07T18:15:32-08:00,0,14
style.css,344,css,bb6fe570,nathansso,2025-02-07,18:15:32,-08:00,2025-02-07T18:15:32-08:00,0,0
style.css,345,css,b79d9980,nathansso,2025-02-06,17:12:19,-08:00,2025-02-06T17:12:19-08:00,0,0
style.css,346,css,bb6fe570,nathansso,2025-02-07,18:15:32,-08:00,2025-02-07T18:15:32-08:00,0,13
style.css,347,css,bb6fe570,nathansso,2025-02-07,18:15:32,-08:00,2025-02-07T18:15:32-08:00,0,13
style.css,348,css,bb6fe570,nathansso,2025-02-07,18:15:32,-08:00,2025-02-07T18:15:32-08:00,0,19
style.css,349,css,bb6fe570,nathansso,2025-02-07,18:15:32,-08:00,2025-02-07T18:15:32-08:00,0,11
style.css,350,css,bb6fe570,nathansso,2025-02-07,18:15:32,-08:00,2025-02-07T18:15:32-08:00,0,18
style.css,351,css,bb6fe570,nathansso,2025-02-07,18:15:32,-08:00,2025-02-07T18:15:32-08:00,0,0
style.css,352,css,bb6fe570,nathansso,2025-02-07,18:15:32,-08:00,2025-02-07T18:15:32-08:00,0,0
style.css,353,css,bb6fe570,nathansso,2025-02-07,18:15:32,-08:00,2025-02-07T18:15:32-08:00,0,21
style.css,354,css,bb6fe570,nathansso,2025-02-07,18:15:32,-08:00,2025-02-07T18:15:32-08:00,0,14
style.css,355,css,bb6fe570,nathansso,2025-02-07,18:15:32,-08:00,2025-02-07T18:15:32-08:00,0,15
style.css,356,css,bb6fe570,nathansso,2025-02-07,18:15:32,-08:00,2025-02-07T18:15:32-08:00,0,14
style.css,357,css,bb6fe570,nathansso,2025-02-07,18:15:32,-08:00,2025-02-07T18:15:32-08:00,0,78
style.css,358,css,bb6fe570,nathansso,2025-02-07,18:15:32,-08:00,2025-02-07T18:15:32-08:00,0,0
style.css,359,css,bb6fe570,nathansso,2025-02-07,18:15:32,-08:00,2025-02-07T18:15:32-08:00,0,0
style.css,360,css,bb6fe570,nathansso,2025-02-07,18:15:32,-08:00,2025-02-07T18:15:32-08:00,0,0
style.css,361,css,bb6fe570,nathansso,2025-02-07,18:15:32,-08:00,2025-02-07T18:15:32-08:00,0,26
style.css,362,css,bb6fe570,nathansso,2025-02-07,18:15:32,-08:00,2025-02-07T18:15:32-08:00,0,17
style.css,363,css,bb6fe570,nathansso,2025-02-07,18:15:32,-08:00,2025-02-07T18:15:32-08:00,0,13
style.css,364,css,bb6fe570,nathansso,2025-02-07,18:15:32,-08:00,2025-02-07T18:15:32-08:00,0,9
style.css,365,css,bb6fe570,nathansso,2025-02-07,18:15:32,-08:00,2025-02-07T18:15:32-08:00,0,19
style.css,366,css,bb6fe570,nathansso,2025-02-07,18:15:32,-08:00,2025-02-07T18:15:32-08:00,0,14
style.css,367,css,bb6fe570,nathansso,2025-02-07,18:15:32,-08:00,2025-02-07T18:15:32-08:00,0,15
style.css,368,css,bb6fe570,nathansso,2025-02-07,18:15:32,-08:00,2025-02-07T18:15:32-08:00,0,0
style.css,369,css,bb6fe570,nathansso,2025-02-07,18:15:32,-08:00,2025-02-07T18:15:32-08:00,0,0
style.css,370,css,bb6fe570,nathansso,2025-02-07,18:15:32,-08:00,2025-02-07T18:15:32-08:00,0,19
style.css,371,css,bb6fe570,nathansso,2025-02-07,18:15:32,-08:00,2025-02-07T18:15:32-08:00,0,14
style.css,372,css,bb6fe570,nathansso,2025-02-07,18:15:32,-08:00,2025-02-07T18:15:32-08:00,0,16
style.css,373,css,bb6fe570,nathansso,2025-02-07,18:15:32,-08:00,2025-02-07T18:15:32-08:00,0,9
style.css,374,css,bb6fe570,nathansso,2025-02-07,18:15:32,-08:00,2025-02-07T18:15:32-08:00,0,0
style.css,375,css,bb6fe570,nathansso,2025-02-07,18:15:32,-08:00,2025-02-07T18:15:32-08:00,0,0
style.css,376,css,bb6fe570,nathansso,2025-02-07,18:15:32,-08:00,2025-02-07T18:15:32-08:00,0,8
style.css,377,css,bb6fe570,nathansso,2025-02-07,18:15:32,-08:00,2025-02-07T18:15:32-08:00,0,7
style.css,378,css,bb6fe570,nathansso,2025-02-07,18:15:32,-08:00,2025-02-07T18:15:32-08:00,0,37
style.css,379,css,bb6fe570,nathansso,2025-02-07,18:15:32,-08:00,2025-02-07T18:15:32-08:00,0,18
style.css,380,css,bb6fe570,nathansso,2025-02-07,18:15:32,-08:00,2025-02-07T18:15:32-08:00,0,15
style.css,381,css,bb6fe570,nathansso,2025-02-07,18:15:32,-08:00,2025-02-07T18:15:32-08:00,0,9
style.css,382,css,bb6fe570,nathansso,2025-02-07,18:15:32,-08:00,2025-02-07T18:15:32-08:00,0,16
style.css,383,css,bb6fe570,nathansso,2025-02-07,18:15:32,-08:00,2025-02-07T18:15:32-08:00,0,36
style.css,384,css,bb6fe570,nathansso,2025-02-07,18:15:32,-08:00,2025-02-07T18:15:32-08:00,0,0
style.css,385,css,bb6fe570,nathansso,2025-02-07,18:15:32,-08:00,2025-02-07T18:15:32-08:00,0,0
style.css,386,css,bb6fe570,nathansso,2025-02-07,18:15:32,-08:00,2025-02-07T18:15:32-08:00,0,38
style.css,387,css,bb6fe570,nathansso,2025-02-07,18:15:32,-08:00,2025-02-07T18:15:32-08:00,0,26
style.css,388,css,bb6fe570,nathansso,2025-02-07,18:15:32,-08:00,2025-02-07T18:15:32-08:00,0,17
style.css,389,css,bb6fe570,nathansso,2025-02-07,18:15:32,-08:00,2025-02-07T18:15:32-08:00,0,22
style.css,390,css,bb6fe570,nathansso,2025-02-07,18:15:32,-08:00,2025-02-07T18:15:32-08:00,0,23
style.css,391,css,bb6fe570,nathansso,2025-02-07,18:15:32,-08:00,2025-02-07T18:15:32-08:00,0,0
style.css,392,css,bb6fe570,nathansso,2025-02-07,18:15:32,-08:00,2025-02-07T18:15:32-08:00,0,0
style.css,393,css,bb6fe570,nathansso,2025-02-07,18:15:32,-08:00,2025-02-07T18:15:32-08:00,0,8
style.css,394,css,bb6fe570,nathansso,2025-02-07,18:15:32,-08:00,2025-02-07T18:15:32-08:00,0,11
style.css,395,css,bb6fe570,nathansso,2025-02-07,18:15:32,-08:00,2025-02-07T18:15:32-08:00,0,0
style.css,396,css,bb6fe570,nathansso,2025-02-07,18:15:32,-08:00,2025-02-07T18:15:32-08:00,0,0
style.css,397,css,bb6fe570,nathansso,2025-02-07,18:15:32,-08:00,2025-02-07T18:15:32-08:00,0,0
style.css,398,css,bb6fe570,nathansso,2025-02-07,18:15:32,-08:00,2025-02-07T18:15:32-08:00,0,26
style.css,399,css,bb6fe570,nathansso,2025-02-07,18:15:32,-08:00,2025-02-07T18:15:32-08:00,0,11
style.css,400,css,bb6fe570,nathansso,2025-02-07,18:15:32,-08:00,2025-02-07T18:15:32-08:00,0,11
style.css,401,css,bb6fe570,nathansso,2025-02-07,18:15:32,-08:00,2025-02-07T18:15:32-08:00,0,16
style.css,402,css,bb6fe570,nathansso,2025-02-07,18:15:32,-08:00,2025-02-07T18:15:32-08:00,0,20
style.css,403,css,bb6fe570,nathansso,2025-02-07,18:15:32,-08:00,2025-02-07T18:15:32-08:00,0,14
style.css,404,css,bb6fe570,nathansso,2025-02-07,18:15:32,-08:00,2025-02-07T18:15:32-08:00,0,37
style.css,405,css,bb6fe570,nathansso,2025-02-07,18:15:32,-08:00,2025-02-07T18:15:32-08:00,0,39
style.css,406,css,bb6fe570,nathansso,2025-02-07,18:15:32,-08:00,2025-02-07T18:15:32-08:00,0,15
style.css,407,css,bb6fe570,nathansso,2025-02-07,18:15:32,-08:00,2025-02-07T18:15:32-08:00,0,41
style.css,408,css,bb6fe570,nathansso,2025-02-07,18:15:32,-08:00,2025-02-07T18:15:32-08:00,0,24
style.css,409,css,bb6fe570,nathansso,2025-02-07,18:15:32,-08:00,2025-02-07T18:15:32-08:00,0,40
style.css,410,css,bb6fe570,nathansso,2025-02-07,18:15:32,-08:00,2025-02-07T18:15:32-08:00,0,73
style.css,411,css,bb6fe570,nathansso,2025-02-07,18:15:32,-08:00,2025-02-07T18:15:32-08:00,0,0
style.css,412,css,bb6fe570,nathansso,2025-02-07,18:15:32,-08:00,2025-02-07T18:15:32-08:00,0,0
style.css,413,css,bb6fe570,nathansso,2025-02-07,18:15:32,-08:00,2025-02-07T18:15:32-08:00,0,24
style.css,414,css,bb6fe570,nathansso,2025-02-07,18:15:32,-08:00,2025-02-07T18:15:32-08:00,0,24
style.css,415,css,bb6fe570,nathansso,2025-02-07,18:15:32,-08:00,2025-02-07T18:15:32-08:00,0,12
style.css,416,css,bb6fe570,nathansso,2025-02-07,18:15:32,-08:00,2025-02-07T18:15:32-08:00,0,0
style.css,417,css,bb6fe570,nathansso,2025-02-07,18:15:32,-08:00,2025-02-07T18:15:32-08:00,0,0
style.css,418,css,bb6fe570,nathansso,2025-02-07,18:15:32,-08:00,2025-02-07T18:15:32-08:00,0,17
style.css,419,css,bb6fe570,nathansso,2025-02-07,18:15:32,-08:00,2025-02-07T18:15:32-08:00,0,13
style.css,420,css,bb6fe570,nathansso,2025-02-07,18:15:32,-08:00,2025-02-07T18:15:32-08:00,0,39
style.css,421,css,bb6fe570,nathansso,2025-02-07,18:15:32,-08:00,2025-02-07T18:15:32-08:00,0,40
style.css,422,css,bb6fe570,nathansso,2025-02-07,18:15:32,-08:00,2025-02-07T18:15:32-08:00,0,0
style.css,423,css,bb6fe570,nathansso,2025-02-07,18:15:32,-08:00,2025-02-07T18:15:32-08:00,0,0
style.css,424,css,bb6fe570,nathansso,2025-02-07,18:15:32,-08:00,2025-02-07T18:15:32-08:00,0,17
style.css,425,css,bb6fe570,nathansso,2025-02-07,18:15:32,-08:00,2025-02-07T18:15:32-08:00,0,53
style.css,426,css,bb6fe570,nathansso,2025-02-07,18:15:32,-08:00,2025-02-07T18:15:32-08:00,0,0
index.js,1,js,8338fbc8,nathansso,2025-01-29,12:09:20,-08:00,2025-01-29T12:09:20-08:00,0,55
index.js,2,js,8338fbc8,nathansso,2025-01-29,12:09:20,-08:00,2025-01-29T12:09:20-08:00,0,45
index.js,3,js,8338fbc8,nathansso,2025-01-29,12:09:20,-08:00,2025-01-29T12:09:20-08:00,0,0
index.js,4,js,8338fbc8,nathansso,2025-01-29,12:09:20,-08:00,2025-01-29T12:09:20-08:00,0,30
index.js,5,js,8338fbc8,nathansso,2025-01-29,12:09:20,-08:00,2025-01-29T12:09:20-08:00,0,4
index.js,6,js,41175abf,nathansso,2025-02-07,18:16:25,-08:00,2025-02-07T18:16:25-08:00,0,56
index.js,7,js,8338fbc8,nathansso,2025-01-29,12:09:20,-08:00,2025-01-29T12:09:20-08:00,0,0
index.js,8,js,8338fbc8,nathansso,2025-01-29,12:09:20,-08:00,2025-01-29T12:09:20-08:00,0,55
index.js,9,js,41175abf,nathansso,2025-02-07,18:16:25,-08:00,2025-02-07T18:16:25-08:00,0,58
index.js,10,js,8338fbc8,nathansso,2025-01-29,12:09:20,-08:00,2025-01-29T12:09:20-08:00,0,6
index.js,11,js,8338fbc8,nathansso,2025-01-29,12:09:20,-08:00,2025-01-29T12:09:20-08:00,0,0
index.js,12,js,8338fbc8,nathansso,2025-01-29,12:09:20,-08:00,2025-01-29T12:09:20-08:00,0,0
index.js,13,js,8338fbc8,nathansso,2025-01-29,12:09:20,-08:00,2025-01-29T12:09:20-08:00,0,43
index.js,14,js,8338fbc8,nathansso,2025-01-29,12:09:20,-08:00,2025-01-29T12:09:20-08:00,0,61
index.js,15,js,8338fbc8,nathansso,2025-01-29,12:09:20,-08:00,2025-01-29T12:09:20-08:00,0,0
index.js,16,js,8338fbc8,nathansso,2025-01-29,12:09:20,-08:00,2025-01-29T12:09:20-08:00,0,24
index.js,17,js,41175abf,nathansso,2025-02-07,18:16:25,-08:00,2025-02-07T18:16:25-08:00,0,54
index.js,18,js,8338fbc8,nathansso,2025-01-29,12:09:20,-08:00,2025-01-29T12:09:20-08:00,0,6
index.js,19,js,8338fbc8,nathansso,2025-01-29,12:09:20,-08:00,2025-01-29T12:09:20-08:00,0,0
index.js,20,js,8338fbc8,nathansso,2025-01-29,12:09:20,-08:00,2025-01-29T12:09:20-08:00,0,0
index.js,21,js,8338fbc8,nathansso,2025-01-29,12:09:20,-08:00,2025-01-29T12:09:20-08:00,0,55
index.js,22,js,8338fbc8,nathansso,2025-01-29,12:09:20,-08:00,2025-01-29T12:09:20-08:00,0,16
index.js,23,js,8338fbc8,nathansso,2025-01-29,12:09:20,-08:00,2025-01-29T12:09:20-08:00,0,47
index.js,24,js,8338fbc8,nathansso,2025-01-29,12:09:20,-08:00,2025-01-29T12:09:20-08:00,0,0
index.js,25,js,8338fbc8,nathansso,2025-01-29,12:09:20,-08:00,2025-01-29T12:09:20-08:00,0,0
index.js,26,js,8338fbc8,nathansso,2025-01-29,12:09:20,-08:00,2025-01-29T12:09:20-08:00,0,0
index.js,27,js,8338fbc8,nathansso,2025-01-29,12:09:20,-08:00,2025-01-29T12:09:20-08:00,0,35
index.js,28,js,8338fbc8,nathansso,2025-01-29,12:09:20,-08:00,2025-01-29T12:09:20-08:00,0,14
index.js,29,js,8338fbc8,nathansso,2025-01-29,12:09:20,-08:00,2025-01-29T12:09:20-08:00,0,0
index.js,30,js,8338fbc8,nathansso,2025-01-29,12:09:20,-08:00,2025-01-29T12:09:20-08:00,0,35
index.js,31,js,8338fbc8,nathansso,2025-01-29,12:09:20,-08:00,2025-01-29T12:09:20-08:00,0,4
index.js,32,js,41175abf,nathansso,2025-02-07,18:16:25,-08:00,2025-02-07T18:16:25-08:00,0,53
index.js,33,js,41175abf,nathansso,2025-02-07,18:16:25,-08:00,2025-02-07T18:16:25-08:00,0,0
index.js,34,js,41175abf,nathansso,2025-02-07,18:16:25,-08:00,2025-02-07T18:16:25-08:00,0,17
index.js,35,js,41175abf,nathansso,2025-02-07,18:16:25,-08:00,2025-02-07T18:16:25-08:00,0,49
index.js,36,js,41175abf,nathansso,2025-02-07,18:16:25,-08:00,2025-02-07T18:16:25-08:00,0,6
index.js,37,js,41175abf,nathansso,2025-02-07,18:16:25,-08:00,2025-02-07T18:16:25-08:00,0,0
index.js,38,js,41175abf,nathansso,2025-02-07,18:16:25,-08:00,2025-02-07T18:16:25-08:00,0,0
index.js,39,js,41175abf,nathansso,2025-02-07,18:16:25,-08:00,2025-02-07T18:16:25-08:00,0,61
index.js,40,js,8338fbc8,nathansso,2025-01-29,12:09:20,-08:00,2025-01-29T12:09:20-08:00,0,0
index.js,41,js,8338fbc8,nathansso,2025-01-29,12:09:20,-08:00,2025-01-29T12:09:20-08:00,0,19
index.js,42,js,41175abf,nathansso,2025-02-07,18:16:25,-08:00,2025-02-07T18:16:25-08:00,0,57
index.js,43,js,8338fbc8,nathansso,2025-01-29,12:09:20,-08:00,2025-01-29T12:09:20-08:00,0,6
index.js,44,js,8338fbc8,nathansso,2025-01-29,12:09:20,-08:00,2025-01-29T12:09:20-08:00,0,0
index.js,45,js,8338fbc8,nathansso,2025-01-29,12:09:20,-08:00,2025-01-29T12:09:20-08:00,0,0
index.js,46,js,8338fbc8,nathansso,2025-01-29,12:09:20,-08:00,2025-01-29T12:09:20-08:00,0,25
index.js,47,js,41175abf,nathansso,2025-02-07,18:16:25,-08:00,2025-02-07T18:16:25-08:00,0,3
index.js,48,js,41175abf,nathansso,2025-02-07,18:16:25,-08:00,2025-02-07T18:16:25-08:00,0,65
index.js,49,js,41175abf,nathansso,2025-02-07,18:16:25,-08:00,2025-02-07T18:16:25-08:00,0,65
index.js,50,js,41175abf,nathansso,2025-02-07,18:16:25,-08:00,2025-02-07T18:16:25-08:00,0,59
index.js,51,js,41175abf,nathansso,2025-02-07,18:16:25,-08:00,2025-02-07T18:16:25-08:00,0,59
index.js,52,js,41175abf,nathansso,2025-02-07,18:16:25,-08:00,2025-02-07T18:16:25-08:00,0,4
index.js,53,js,8338fbc8,nathansso,2025-01-29,12:09:20,-08:00,2025-01-29T12:09:20-08:00,0,1
index.js,54,js,8338fbc8,nathansso,2025-01-29,12:09:20,-08:00,2025-01-29T12:09:20-08:00,0,16
index.js,55,js,8338fbc8,nathansso,2025-01-29,12:09:20,-08:00,2025-01-29T12:09:20-08:00,0,53
index.js,56,js,8338fbc8,nathansso,2025-01-29,12:09:20,-08:00,2025-01-29T12:09:20-08:00,0,0
index.js,57,js,8338fbc8,nathansso,2025-01-29,12:09:20,-08:00,2025-01-29T12:09:20-08:00,0,0
index.js,58,js,8338fbc8,nathansso,2025-01-29,12:09:20,-08:00,2025-01-29T12:09:20-08:00,0,0
index.js,59,js,8338fbc8,nathansso,2025-01-29,12:09:20,-08:00,2025-01-29T12:09:20-08:00,0,46
index.js,60,js,8338fbc8,nathansso,2025-01-29,12:09:20,-08:00,2025-01-29T12:09:20-08:00,0,19
index.html,1,html,058785bb,nathansso,2025-01-10,11:29:10,-08:00,2025-01-10T11:29:10-08:00,0,14
index.html,2,html,058785bb,nathansso,2025-01-10,11:29:10,-08:00,2025-01-10T11:29:10-08:00,0,15
index.html,3,html,058785bb,nathansso,2025-01-10,11:29:10,-08:00,2025-01-10T11:29:10-08:00,0,5
index.html,4,html,058785bb,nathansso,2025-01-10,11:29:10,-08:00,2025-01-10T11:29:10-08:00,0,21
index.html,5,html,058785bb,nathansso,2025-01-10,11:29:10,-08:00,2025-01-10T11:29:10-08:00,0,69
index.html,6,html,d758bf42,nathansso,2025-01-10,17:27:28,-08:00,2025-01-10T17:27:28-08:00,0,27
index.html,7,html,41175abf,nathansso,2025-02-07,18:16:25,-08:00,2025-02-07T18:16:25-08:00,0,39
index.html,8,html,058785bb,nathansso,2025-01-10,11:29:10,-08:00,2025-01-10T11:29:10-08:00,0,6
index.html,9,html,058785bb,nathansso,2025-01-10,11:29:10,-08:00,2025-01-10T11:29:10-08:00,0,5
index.html,10,html,be3bcd18,nathansso,2025-01-24,10:14:12,-08:00,2025-01-24T10:14:12-08:00,0,0
index.html,11,html,d758bf42,nathansso,2025-01-10,17:27:28,-08:00,2025-01-10T17:27:28-08:00,0,21
index.html,12,html,41175abf,nathansso,2025-02-07,18:16:25,-08:00,2025-02-07T18:16:25-08:00,0,71
index.html,13,html,e1135ede,nathansso,2025-01-17,11:49:32,-08:00,2025-01-17T11:49:32-08:00,0,262
index.html,14,html,8338fbc8,nathansso,2025-01-29,12:09:20,-08:00,2025-01-29T12:09:20-08:00,0,0
index.html,15,html,8338fbc8,nathansso,2025-01-29,12:09:20,-08:00,2025-01-29T12:09:20-08:00,0,23
index.html,16,html,8338fbc8,nathansso,2025-01-29,12:09:20,-08:00,2025-01-29T12:09:20-08:00,0,27
index.html,17,html,8338fbc8,nathansso,2025-01-29,12:09:20,-08:00,2025-01-29T12:09:20-08:00,0,0
index.html,18,html,41175abf,nathansso,2025-02-07,18:16:25,-08:00,2025-02-07T18:16:25-08:00,0,0
index.html,19,html,41175abf,nathansso,2025-02-07,18:16:25,-08:00,2025-02-07T18:16:25-08:00,0,46
index.html,20,html,41175abf,nathansso,2025-02-07,18:16:25,-08:00,2025-02-07T18:16:25-08:00,0,51
index.html,21,html,8338fbc8,nathansso,2025-01-29,12:09:20,-08:00,2025-01-29T12:09:20-08:00,0,0
index.html,22,html,8338fbc8,nathansso,2025-01-29,12:09:20,-08:00,2025-01-29T12:09:20-08:00,0,23
index.html,23,html,8338fbc8,nathansso,2025-01-29,12:09:20,-08:00,2025-01-29T12:09:20-08:00,0,29
index.html,24,html,8338fbc8,nathansso,2025-01-29,12:09:20,-08:00,2025-01-29T12:09:20-08:00,0,0
index.html,25,html,41175abf,nathansso,2025-02-07,18:16:25,-08:00,2025-02-07T18:16:25-08:00,0,0
index.html,26,html,058785bb,nathansso,2025-01-10,11:29:10,-08:00,2025-01-10T11:29:10-08:00,0,6
index.html,27,html,d758bf42,nathansso,2025-01-10,17:27:28,-08:00,2025-01-10T17:27:28-08:00,0,6
global.js,1,js,586d8554,nathansso,2025-01-25,11:52:50,-08:00,2025-01-25T11:52:50-08:00,0,26
global.js,2,js,be3bcd18,nathansso,2025-01-24,10:14:12,-08:00,2025-01-24T10:14:12-08:00,0,0
global.js,3,js,be3bcd18,nathansso,2025-01-24,10:14:12,-08:00,2025-01-24T10:14:12-08:00,0,42
global.js,4,js,be3bcd18,nathansso,2025-01-24,10:14:12,-08:00,2025-01-24T10:14:12-08:00,0,53
global.js,5,js,be3bcd18,nathansso,2025-01-24,10:14:12,-08:00,2025-01-24T10:14:12-08:00,0,0
global.js,6,js,be3bcd18,nathansso,2025-01-24,10:14:12,-08:00,2025-01-24T10:14:12-08:00,0,0
global.js,7,js,586d8554,nathansso,2025-01-25,11:52:50,-08:00,2025-01-25T11:52:50-08:00,0,71
global.js,8,js,be3bcd18,nathansso,2025-01-24,10:14:12,-08:00,2025-01-24T10:14:12-08:00,0,0
global.js,9,js,be3bcd18,nathansso,2025-01-24,10:14:12,-08:00,2025-01-24T10:14:12-08:00,0,12
global.js,10,js,c3237b28,nathansso,2025-02-07,18:15:37,-08:00,2025-02-07T18:15:37-08:00,0,36
global.js,11,js,c3237b28,nathansso,2025-02-07,18:15:37,-08:00,2025-02-07T18:15:37-08:00,0,49
global.js,12,js,c3237b28,nathansso,2025-02-07,18:15:37,-08:00,2025-02-07T18:15:37-08:00,0,45
global.js,13,js,c3237b28,nathansso,2025-02-07,18:15:37,-08:00,2025-02-07T18:15:37-08:00,0,47
global.js,14,js,00000000,Not Committed Yet,2025-02-12,10:33:35,-08:00,2025-02-12T10:33:35-08:00,0,41
global.js,15,js,586d8554,nathansso,2025-01-25,11:52:50,-08:00,2025-01-25T11:52:50-08:00,0,71
global.js,16,js,be3bcd18,nathansso,2025-01-24,10:14:12,-08:00,2025-01-24T10:14:12-08:00,0,1
global.js,17,js,be3bcd18,nathansso,2025-01-24,10:14:12,-08:00,2025-01-24T10:14:12-08:00,0,0
global.js,18,js,586d8554,nathansso,2025-01-25,11:52:50,-08:00,2025-01-25T11:52:50-08:00,0,39
global.js,19,js,c3237b28,nathansso,2025-02-07,18:15:37,-08:00,2025-02-07T18:15:37-08:00,0,26
global.js,20,js,be3bcd18,nathansso,2025-01-24,10:14:12,-08:00,2025-01-24T10:14:12-08:00,0,0
global.js,21,js,be3bcd18,nathansso,2025-01-24,10:14:12,-08:00,2025-01-24T10:14:12-08:00,0,21
global.js,22,js,586d8554,nathansso,2025-01-25,11:52:50,-08:00,2025-01-25T11:52:50-08:00,0,15
global.js,23,js,586d8554,nathansso,2025-01-25,11:52:50,-08:00,2025-01-25T11:52:50-08:00,0,0
global.js,24,js,8344d406,nathansso,2025-02-07,18:17:48,-08:00,2025-02-07T18:17:48-08:00,0,65
global.js,25,js,be3bcd18,nathansso,2025-01-24,10:14:12,-08:00,2025-01-24T10:14:12-08:00,0,0
global.js,26,js,586d8554,nathansso,2025-01-25,11:52:50,-08:00,2025-01-25T11:52:50-08:00,0,35
global.js,27,js,41175abf,nathansso,2025-02-07,18:16:25,-08:00,2025-02-07T18:16:25-08:00,0,12
global.js,28,js,be3bcd18,nathansso,2025-01-24,10:14:12,-08:00,2025-01-24T10:14:12-08:00,0,23
global.js,29,js,586d8554,nathansso,2025-01-25,11:52:50,-08:00,2025-01-25T11:52:50-08:00,0,0
global.js,30,js,c3237b28,nathansso,2025-02-07,18:15:37,-08:00,2025-02-07T18:15:37-08:00,0,16
global.js,31,js,c3237b28,nathansso,2025-02-07,18:15:37,-08:00,2025-02-07T18:15:37-08:00,0,19
global.js,32,js,c3237b28,nathansso,2025-02-07,18:15:37,-08:00,2025-02-07T18:15:37-08:00,0,29
global.js,33,js,c3237b28,nathansso,2025-02-07,18:15:37,-08:00,2025-02-07T18:15:37-08:00,0,0
global.js,34,js,c3237b28,nathansso,2025-02-07,18:15:37,-08:00,2025-02-07T18:15:37-08:00,0,0
global.js,35,js,be3bcd18,nathansso,2025-01-24,10:14:12,-08:00,2025-01-24T10:14:12-08:00,0,18
global.js,36,js,586d8554,nathansso,2025-01-25,11:52:50,-08:00,2025-01-25T11:52:50-08:00,0,9
global.js,37,js,be3bcd18,nathansso,2025-01-24,10:14:12,-08:00,2025-01-24T10:14:12-08:00,0,59
global.js,38,js,be3bcd18,nathansso,2025-01-24,10:14:12,-08:00,2025-01-24T10:14:12-08:00,0,1
global.js,39,js,586d8554,nathansso,2025-01-25,11:52:50,-08:00,2025-01-25T11:52:50-08:00,0,0
global.js,40,js,8ffd01a0,nathansso,2025-01-25,11:49:51,-08:00,2025-01-25T11:49:51-08:00,0,13
global.js,41,js,e09c682b,nathansso,2025-01-24,11:29:05,-08:00,2025-01-24T11:29:05-08:00,0,0
global.js,42,js,e09c682b,nathansso,2025-01-24,11:29:05,-08:00,2025-01-24T11:29:05-08:00,0,0
global.js,43,js,e09c682b,nathansso,2025-01-24,11:29:05,-08:00,2025-01-24T11:29:05-08:00,0,32
global.js,44,js,586d8554,nathansso,2025-01-25,11:52:50,-08:00,2025-01-25T11:52:50-08:00,0,12
global.js,45,js,e09c682b,nathansso,2025-01-24,11:29:05,-08:00,2025-01-24T11:29:05-08:00,0,0
global.js,46,js,c3237b28,nathansso,2025-02-07,18:15:37,-08:00,2025-02-07T18:15:37-08:00,0,27
global.js,47,js,c3237b28,nathansso,2025-02-07,18:15:37,-08:00,2025-02-07T18:15:37-08:00,0,5
global.js,48,js,c3237b28,nathansso,2025-02-07,18:15:37,-08:00,2025-02-07T18:15:37-08:00,0,7
global.js,49,js,e09c682b,nathansso,2025-01-24,11:29:05,-08:00,2025-01-24T11:29:05-08:00,0,44
global.js,50,js,e09c682b,nathansso,2025-01-24,11:29:05,-08:00,2025-01-24T11:29:05-08:00,0,35
global.js,51,js,e09c682b,nathansso,2025-01-24,11:29:05,-08:00,2025-01-24T11:29:05-08:00,0,44
global.js,52,js,c3237b28,nathansso,2025-02-07,18:15:37,-08:00,2025-02-07T18:15:37-08:00,0,8
global.js,53,js,e09c682b,nathansso,2025-01-24,11:29:05,-08:00,2025-01-24T11:29:05-08:00,0,1
global.js,54,js,e09c682b,nathansso,2025-01-24,11:29:05,-08:00,2025-01-24T11:29:05-08:00,0,0
global.js,55,js,586d8554,nathansso,2025-01-25,11:52:50,-08:00,2025-01-25T11:52:50-08:00,0,61
global.js,56,js,e09c682b,nathansso,2025-01-24,11:29:05,-08:00,2025-01-24T11:29:05-08:00,0,0
global.js,57,js,e09c682b,nathansso,2025-01-24,11:29:05,-08:00,2025-01-24T11:29:05-08:00,0,35
global.js,58,js,586d8554,nathansso,2025-01-25,11:52:50,-08:00,2025-01-25T11:52:50-08:00,0,66
global.js,59,js,586d8554,nathansso,2025-01-25,11:52:50,-08:00,2025-01-25T11:52:50-08:00,0,33
global.js,60,js,e09c682b,nathansso,2025-01-24,11:29:05,-08:00,2025-01-24T11:29:05-08:00,0,0
global.js,61,js,e09c682b,nathansso,2025-01-24,11:29:05,-08:00,2025-01-24T11:29:05-08:00,0,0
global.js,62,js,e09c682b,nathansso,2025-01-24,11:29:05,-08:00,2025-01-24T11:29:05-08:00,0,31
global.js,63,js,586d8554,nathansso,2025-01-25,11:52:50,-08:00,2025-01-25T11:52:50-08:00,0,76
global.js,64,js,e09c682b,nathansso,2025-01-24,11:29:05,-08:00,2025-01-24T11:29:05-08:00,0,74
global.js,65,js,586d8554,nathansso,2025-01-25,11:52:50,-08:00,2025-01-25T11:52:50-08:00,0,76
global.js,66,js,e09c682b,nathansso,2025-01-24,11:29:05,-08:00,2025-01-24T11:29:05-08:00,0,0
global.js,67,js,e09c682b,nathansso,2025-01-24,11:29:05,-08:00,2025-01-24T11:29:05-08:00,0,0
global.js,68,js,586d8554,nathansso,2025-01-25,11:52:50,-08:00,2025-01-25T11:52:50-08:00,0,50
global.js,69,js,e09c682b,nathansso,2025-01-24,11:29:05,-08:00,2025-01-24T11:29:05-08:00,0,37
global.js,70,js,e09c682b,nathansso,2025-01-24,11:29:05,-08:00,2025-01-24T11:29:05-08:00,0,2
global.js,71,js,e09c682b,nathansso,2025-01-24,11:29:05,-08:00,2025-01-24T11:29:05-08:00,0,0
global.js,72,js,e09c682b,nathansso,2025-01-24,11:29:05,-08:00,2025-01-24T11:29:05-08:00,0,21
global.js,73,js,586d8554,nathansso,2025-01-25,11:52:50,-08:00,2025-01-25T11:52:50-08:00,0,82
global.js,74,js,e09c682b,nathansso,2025-01-24,11:29:05,-08:00,2025-01-24T11:29:05-08:00,0,0
global.js,75,js,e09c682b,nathansso,2025-01-24,11:29:05,-08:00,2025-01-24T11:29:05-08:00,0,35
global.js,76,js,e09c682b,nathansso,2025-01-24,11:29:05,-08:00,2025-01-24T11:29:05-08:00,0,43
global.js,77,js,e09c682b,nathansso,2025-01-24,11:29:05,-08:00,2025-01-24T11:29:05-08:00,0,39
global.js,78,js,e09c682b,nathansso,2025-01-24,11:29:05,-08:00,2025-01-24T11:29:05-08:00,0,7
global.js,79,js,e09c682b,nathansso,2025-01-24,11:29:05,-08:00,2025-01-24T11:29:05-08:00,0,31
global.js,80,js,e09c682b,nathansso,2025-01-24,11:29:05,-08:00,2025-01-24T11:29:05-08:00,0,0
global.js,81,js,e09c682b,nathansso,2025-01-24,11:29:05,-08:00,2025-01-24T11:29:05-08:00,0,0
global.js,82,js,586d8554,nathansso,2025-01-25,11:52:50,-08:00,2025-01-25T11:52:50-08:00,0,57
global.js,83,js,586d8554,nathansso,2025-01-25,11:52:50,-08:00,2025-01-25T11:52:50-08:00,0,52
global.js,84,js,586d8554,nathansso,2025-01-25,11:52:50,-08:00,2025-01-25T11:52:50-08:00,0,0
global.js,85,js,586d8554,nathansso,2025-01-25,11:52:50,-08:00,2025-01-25T11:52:50-08:00,0,49
global.js,86,js,586d8554,nathansso,2025-01-25,11:52:50,-08:00,2025-01-25T11:52:50-08:00,0,22
global.js,87,js,586d8554,nathansso,2025-01-25,11:52:50,-08:00,2025-01-25T11:52:50-08:00,0,0
global.js,88,js,586d8554,nathansso,2025-01-25,11:52:50,-08:00,2025-01-25T11:52:50-08:00,0,31
global.js,89,js,586d8554,nathansso,2025-01-25,11:52:50,-08:00,2025-01-25T11:52:50-08:00,0,27
global.js,90,js,586d8554,nathansso,2025-01-25,11:52:50,-08:00,2025-01-25T11:52:50-08:00,0,0
global.js,91,js,586d8554,nathansso,2025-01-25,11:52:50,-08:00,2025-01-25T11:52:50-08:00,0,32
global.js,92,js,586d8554,nathansso,2025-01-25,11:52:50,-08:00,2025-01-25T11:52:50-08:00,0,27
global.js,93,js,586d8554,nathansso,2025-01-25,11:52:50,-08:00,2025-01-25T11:52:50-08:00,0,10
global.js,94,js,586d8554,nathansso,2025-01-25,11:52:50,-08:00,2025-01-25T11:52:50-08:00,0,0
global.js,95,js,586d8554,nathansso,2025-01-25,11:52:50,-08:00,2025-01-25T11:52:50-08:00,0,45
global.js,96,js,e09c682b,nathansso,2025-01-24,11:29:05,-08:00,2025-01-24T11:29:05-08:00,0,0
global.js,97,js,586d8554,nathansso,2025-01-25,11:52:50,-08:00,2025-01-25T11:52:50-08:00,0,0
global.js,98,js,586d8554,nathansso,2025-01-25,11:52:50,-08:00,2025-01-25T11:52:50-08:00,0,19
global.js,99,js,e09c682b,nathansso,2025-01-24,11:29:05,-08:00,2025-01-24T11:29:05-08:00,0,2
global.js,100,js,8338fbc8,nathansso,2025-01-29,12:09:20,-08:00,2025-01-29T12:09:20-08:00,0,2
global.js,101,js,8338fbc8,nathansso,2025-01-29,12:09:20,-08:00,2025-01-29T12:09:20-08:00,0,0
global.js,102,js,8338fbc8,nathansso,2025-01-29,12:09:20,-08:00,2025-01-29T12:09:20-08:00,0,37
global.js,103,js,8338fbc8,nathansso,2025-01-29,12:09:20,-08:00,2025-01-29T12:09:20-08:00,0,4
global.js,104,js,8338fbc8,nathansso,2025-01-29,12:09:20,-08:00,2025-01-29T12:09:20-08:00,0,33
global.js,105,js,8338fbc8,nathansso,2025-01-29,12:09:20,-08:00,2025-01-29T12:09:20-08:00,0,0
global.js,106,js,c3237b28,nathansso,2025-02-07,18:15:37,-08:00,2025-02-07T18:15:37-08:00,0,21
global.js,107,js,8338fbc8,nathansso,2025-01-29,12:09:20,-08:00,2025-01-29T12:09:20-08:00,0,0
global.js,108,js,c3237b28,nathansso,2025-02-07,18:15:37,-08:00,2025-02-07T18:15:37-08:00,0,18
global.js,109,js,c3237b28,nathansso,2025-02-07,18:15:37,-08:00,2025-02-07T18:15:37-08:00,0,67
global.js,110,js,c3237b28,nathansso,2025-02-07,18:15:37,-08:00,2025-02-07T18:15:37-08:00,0,0
global.js,111,js,8338fbc8,nathansso,2025-01-29,12:09:20,-08:00,2025-01-29T12:09:20-08:00,0,0
global.js,112,js,c3237b28,nathansso,2025-02-07,18:15:37,-08:00,2025-02-07T18:15:37-08:00,0,34
global.js,113,js,c3237b28,nathansso,2025-02-07,18:15:37,-08:00,2025-02-07T18:15:37-08:00,0,11
global.js,114,js,8338fbc8,nathansso,2025-01-29,12:09:20,-08:00,2025-01-29T12:09:20-08:00,0,16
global.js,115,js,c3237b28,nathansso,2025-02-07,18:15:37,-08:00,2025-02-07T18:15:37-08:00,0,60
global.js,116,js,8338fbc8,nathansso,2025-01-29,12:09:20,-08:00,2025-01-29T12:09:20-08:00,0,0
global.js,117,js,8338fbc8,nathansso,2025-01-29,12:09:20,-08:00,2025-01-29T12:09:20-08:00,0,0
global.js,118,js,8338fbc8,nathansso,2025-01-29,12:09:20,-08:00,2025-01-29T12:09:20-08:00,0,0
global.js,119,js,8338fbc8,nathansso,2025-01-29,12:09:20,-08:00,2025-01-29T12:09:20-08:00,0,80
global.js,120,js,8338fbc8,nathansso,2025-01-29,12:09:20,-08:00,2025-01-29T12:09:20-08:00,0,69
global.js,121,js,c3237b28,nathansso,2025-02-07,18:15:37,-08:00,2025-02-07T18:15:37-08:00,0,52
global.js,122,js,c3237b28,nathansso,2025-02-07,18:15:37,-08:00,2025-02-07T18:15:37-08:00,0,6
global.js,123,js,8338fbc8,nathansso,2025-01-29,12:09:20,-08:00,2025-01-29T12:09:20-08:00,0,0
global.js,124,js,8338fbc8,nathansso,2025-01-29,12:09:20,-08:00,2025-01-29T12:09:20-08:00,0,0
global.js,125,js,8338fbc8,nathansso,2025-01-29,12:09:20,-08:00,2025-01-29T12:09:20-08:00,0,31
global.js,126,js,8338fbc8,nathansso,2025-01-29,12:09:20,-08:00,2025-01-29T12:09:20-08:00,0,0
global.js,127,js,8338fbc8,nathansso,2025-01-29,12:09:20,-08:00,2025-01-29T12:09:20-08:00,0,58
global.js,128,js,8338fbc8,nathansso,2025-01-29,12:09:20,-08:00,2025-01-29T12:09:20-08:00,0,43
global.js,129,js,c3237b28,nathansso,2025-02-07,18:15:37,-08:00,2025-02-07T18:15:37-08:00,0,74
global.js,130,js,c3237b28,nathansso,2025-02-07,18:15:37,-08:00,2025-02-07T18:15:37-08:00,0,19
global.js,131,js,8338fbc8,nathansso,2025-01-29,12:09:20,-08:00,2025-01-29T12:09:20-08:00,0,0
global.js,132,js,8338fbc8,nathansso,2025-01-29,12:09:20,-08:00,2025-01-29T12:09:20-08:00,0,0
global.js,133,js,8338fbc8,nathansso,2025-01-29,12:09:20,-08:00,2025-01-29T12:09:20-08:00,0,30
global.js,134,js,c3237b28,nathansso,2025-02-07,18:15:37,-08:00,2025-02-07T18:15:37-08:00,0,47
global.js,135,js,c3237b28,nathansso,2025-02-07,18:15:37,-08:00,2025-02-07T18:15:37-08:00,0,6
global.js,136,js,8338fbc8,nathansso,2025-01-29,12:09:20,-08:00,2025-01-29T12:09:20-08:00,0,0
global.js,137,js,8338fbc8,nathansso,2025-01-29,12:09:20,-08:00,2025-01-29T12:09:20-08:00,0,0
global.js,138,js,8338fbc8,nathansso,2025-01-29,12:09:20,-08:00,2025-01-29T12:09:20-08:00,0,28
global.js,139,js,c3237b28,nathansso,2025-02-07,18:15:37,-08:00,2025-02-07T18:15:37-08:00,0,49
global.js,140,js,c3237b28,nathansso,2025-02-07,18:15:37,-08:00,2025-02-07T18:15:37-08:00,0,0
global.js,141,js,c3237b28,nathansso,2025-02-07,18:15:37,-08:00,2025-02-07T18:15:37-08:00,0,20
global.js,142,js,c3237b28,nathansso,2025-02-07,18:15:37,-08:00,2025-02-07T18:15:37-08:00,0,64
global.js,143,js,c3237b28,nathansso,2025-02-07,18:15:37,-08:00,2025-02-07T18:15:37-08:00,0,87
global.js,144,js,c3237b28,nathansso,2025-02-07,18:15:37,-08:00,2025-02-07T18:15:37-08:00,0,28
global.js,145,js,c3237b28,nathansso,2025-02-07,18:15:37,-08:00,2025-02-07T18:15:37-08:00,0,59
global.js,146,js,c3237b28,nathansso,2025-02-07,18:15:37,-08:00,2025-02-07T18:15:37-08:00,0,34
global.js,147,js,c3237b28,nathansso,2025-02-07,18:15:37,-08:00,2025-02-07T18:15:37-08:00,0,5
global.js,148,js,c3237b28,nathansso,2025-02-07,18:15:37,-08:00,2025-02-07T18:15:37-08:00,0,1
global.js,149,js,c3237b28,nathansso,2025-02-07,18:15:37,-08:00,2025-02-07T18:15:37-08:00,0,0
global.js,150,js,c3237b28,nathansso,2025-02-07,18:15:37,-08:00,2025-02-07T18:15:37-08:00,0,37
global.js,151,js,8338fbc8,nathansso,2025-01-29,12:09:20,-08:00,2025-01-29T12:09:20-08:00,0,2
global.js,152,js,8338fbc8,nathansso,2025-01-29,12:09:20,-08:00,2025-01-29T12:09:20-08:00,0,0
global.js,153,js,8338fbc8,nathansso,2025-01-29,12:09:20,-08:00,2025-01-29T12:09:20-08:00,0,0
global.js,154,js,8338fbc8,nathansso,2025-01-29,12:09:20,-08:00,2025-01-29T12:09:20-08:00,0,48
global.js,155,js,8338fbc8,nathansso,2025-01-29,12:09:20,-08:00,2025-01-29T12:09:20-08:00,0,60
global.js,156,js,8338fbc8,nathansso,2025-01-29,12:09:20,-08:00,2025-01-29T12:09:20-08:00,0,0
resume\index.html,1,html,bdace339,nathansso,2025-01-10,18:06:12,-08:00,2025-01-10T18:06:12-08:00,0,14
resume\index.html,2,html,bdace339,nathansso,2025-01-10,18:06:12,-08:00,2025-01-10T18:06:12-08:00,0,15
resume\index.html,3,html,bdace339,nathansso,2025-01-10,18:06:12,-08:00,2025-01-10T18:06:12-08:00,0,5
resume\index.html,4,html,bdace339,nathansso,2025-01-10,18:06:12,-08:00,2025-01-10T18:06:12-08:00,0,21
resume\index.html,5,html,bdace339,nathansso,2025-01-10,18:06:12,-08:00,2025-01-10T18:06:12-08:00,0,69
resume\index.html,6,html,df0dbeb4,nathansso,2025-01-17,16:09:49,-08:00,2025-01-17T16:09:49-08:00,0,20
resume\index.html,7,html,41175abf,nathansso,2025-02-07,18:16:25,-08:00,2025-02-07T18:16:25-08:00,0,42
resume\index.html,8,html,bdace339,nathansso,2025-01-10,18:06:12,-08:00,2025-01-10T18:06:12-08:00,0,6
resume\index.html,9,html,bdace339,nathansso,2025-01-10,18:06:12,-08:00,2025-01-10T18:06:12-08:00,0,5
resume\index.html,10,html,bdace339,nathansso,2025-01-10,18:06:12,-08:00,2025-01-10T18:06:12-08:00,0,14
resume\index.html,11,html,65307ca7,nathansso,2025-01-17,16:25:52,-08:00,2025-01-17T16:25:52-08:00,0,32
resume\index.html,12,html,65307ca7,nathansso,2025-01-17,16:25:52,-08:00,2025-01-17T16:25:52-08:00,0,29
resume\index.html,13,html,65307ca7,nathansso,2025-01-17,16:25:52,-08:00,2025-01-17T16:25:52-08:00,0,40
resume\index.html,14,html,65307ca7,nathansso,2025-01-17,16:25:52,-08:00,2025-01-17T16:25:52-08:00,0,134
resume\index.html,15,html,df0dbeb4,nathansso,2025-01-17,16:09:49,-08:00,2025-01-17T16:09:49-08:00,0,5
resume\index.html,16,html,65307ca7,nathansso,2025-01-17,16:25:52,-08:00,2025-01-17T16:25:52-08:00,0,32
resume\index.html,17,html,65307ca7,nathansso,2025-01-17,16:25:52,-08:00,2025-01-17T16:25:52-08:00,0,69
resume\index.html,18,html,65307ca7,nathansso,2025-01-17,16:25:52,-08:00,2025-01-17T16:25:52-08:00,0,82
resume\index.html,19,html,65307ca7,nathansso,2025-01-17,16:25:52,-08:00,2025-01-17T16:25:52-08:00,0,43
resume\index.html,20,html,df0dbeb4,nathansso,2025-01-17,16:09:49,-08:00,2025-01-17T16:09:49-08:00,0,5
resume\index.html,21,html,bdace339,nathansso,2025-01-10,18:06:12,-08:00,2025-01-10T18:06:12-08:00,0,9
resume\index.html,22,html,65307ca7,nathansso,2025-01-17,16:25:52,-08:00,2025-01-17T16:25:52-08:00,0,0
resume\index.html,23,html,65307ca7,nathansso,2025-01-17,16:25:52,-08:00,2025-01-17T16:25:52-08:00,0,8
resume\index.html,24,html,65307ca7,nathansso,2025-01-17,16:25:52,-08:00,2025-01-17T16:25:52-08:00,0,46
resume\index.html,25,html,65307ca7,nathansso,2025-01-17,16:25:52,-08:00,2025-01-17T16:25:52-08:00,0,3
resume\index.html,26,html,65307ca7,nathansso,2025-01-17,16:25:52,-08:00,2025-01-17T16:25:52-08:00,0,31
resume\index.html,27,html,65307ca7,nathansso,2025-01-17,16:25:52,-08:00,2025-01-17T16:25:52-08:00,0,31
resume\index.html,28,html,65307ca7,nathansso,2025-01-17,16:25:52,-08:00,2025-01-17T16:25:52-08:00,0,29
resume\index.html,29,html,65307ca7,nathansso,2025-01-17,16:25:52,-08:00,2025-01-17T16:25:52-08:00,0,29
resume\index.html,30,html,65307ca7,nathansso,2025-01-17,16:25:52,-08:00,2025-01-17T16:25:52-08:00,0,31
resume\index.html,31,html,65307ca7,nathansso,2025-01-17,16:25:52,-08:00,2025-01-17T16:25:52-08:00,0,23
resume\index.html,32,html,65307ca7,nathansso,2025-01-17,16:25:52,-08:00,2025-01-17T16:25:52-08:00,0,21
resume\index.html,33,html,65307ca7,nathansso,2025-01-17,16:25:52,-08:00,2025-01-17T16:25:52-08:00,0,48
resume\index.html,34,html,65307ca7,nathansso,2025-01-17,16:25:52,-08:00,2025-01-17T16:25:52-08:00,0,33
resume\index.html,35,html,65307ca7,nathansso,2025-01-17,16:25:52,-08:00,2025-01-17T16:25:52-08:00,0,27
resume\index.html,36,html,65307ca7,nathansso,2025-01-17,16:25:52,-08:00,2025-01-17T16:25:52-08:00,0,29
resume\index.html,37,html,65307ca7,nathansso,2025-01-17,16:25:52,-08:00,2025-01-17T16:25:52-08:00,0,38
resume\index.html,38,html,65307ca7,nathansso,2025-01-17,16:25:52,-08:00,2025-01-17T16:25:52-08:00,0,51
resume\index.html,39,html,65307ca7,nathansso,2025-01-17,16:25:52,-08:00,2025-01-17T16:25:52-08:00,0,4
resume\index.html,40,html,65307ca7,nathansso,2025-01-17,16:25:52,-08:00,2025-01-17T16:25:52-08:00,0,9
resume\index.html,41,html,65307ca7,nathansso,2025-01-17,16:25:52,-08:00,2025-01-17T16:25:52-08:00,0,8
resume\index.html,42,html,65307ca7,nathansso,2025-01-17,16:25:52,-08:00,2025-01-17T16:25:52-08:00,0,33
resume\index.html,43,html,65307ca7,nathansso,2025-01-17,16:25:52,-08:00,2025-01-17T16:25:52-08:00,0,3
resume\index.html,44,html,65307ca7,nathansso,2025-01-17,16:25:52,-08:00,2025-01-17T16:25:52-08:00,0,46
resume\index.html,45,html,65307ca7,nathansso,2025-01-17,16:25:52,-08:00,2025-01-17T16:25:52-08:00,0,67
resume\index.html,46,html,65307ca7,nathansso,2025-01-17,16:25:52,-08:00,2025-01-17T16:25:52-08:00,0,43
resume\index.html,47,html,65307ca7,nathansso,2025-01-17,16:25:52,-08:00,2025-01-17T16:25:52-08:00,0,4
resume\index.html,48,html,65307ca7,nathansso,2025-01-17,16:25:52,-08:00,2025-01-17T16:25:52-08:00,0,9
resume\index.html,49,html,65307ca7,nathansso,2025-01-17,16:25:52,-08:00,2025-01-17T16:25:52-08:00,0,8
resume\index.html,50,html,65307ca7,nathansso,2025-01-17,16:25:52,-08:00,2025-01-17T16:25:52-08:00,0,37
resume\index.html,51,html,65307ca7,nathansso,2025-01-17,16:25:52,-08:00,2025-01-17T16:25:52-08:00,0,66
resume\index.html,52,html,65307ca7,nathansso,2025-01-17,16:25:52,-08:00,2025-01-17T16:25:52-08:00,0,24
resume\index.html,53,html,65307ca7,nathansso,2025-01-17,16:25:52,-08:00,2025-01-17T16:25:52-08:00,0,3
resume\index.html,54,html,65307ca7,nathansso,2025-01-17,16:25:52,-08:00,2025-01-17T16:25:52-08:00,0,91
resume\index.html,55,html,65307ca7,nathansso,2025-01-17,16:25:52,-08:00,2025-01-17T16:25:52-08:00,0,124
resume\index.html,56,html,65307ca7,nathansso,2025-01-17,16:25:52,-08:00,2025-01-17T16:25:52-08:00,0,61
resume\index.html,57,html,65307ca7,nathansso,2025-01-17,16:25:52,-08:00,2025-01-17T16:25:52-08:00,0,4
resume\index.html,58,html,65307ca7,nathansso,2025-01-17,16:25:52,-08:00,2025-01-17T16:25:52-08:00,0,56
resume\index.html,59,html,65307ca7,nathansso,2025-01-17,16:25:52,-08:00,2025-01-17T16:25:52-08:00,0,25
resume\index.html,60,html,65307ca7,nathansso,2025-01-17,16:25:52,-08:00,2025-01-17T16:25:52-08:00,0,3
resume\index.html,61,html,65307ca7,nathansso,2025-01-17,16:25:52,-08:00,2025-01-17T16:25:52-08:00,0,60
resume\index.html,62,html,65307ca7,nathansso,2025-01-17,16:25:52,-08:00,2025-01-17T16:25:52-08:00,0,94
resume\index.html,63,html,65307ca7,nathansso,2025-01-17,16:25:52,-08:00,2025-01-17T16:25:52-08:00,0,67
resume\index.html,64,html,65307ca7,nathansso,2025-01-17,16:25:52,-08:00,2025-01-17T16:25:52-08:00,0,4
resume\index.html,65,html,65307ca7,nathansso,2025-01-17,16:25:52,-08:00,2025-01-17T16:25:52-08:00,0,9
resume\index.html,66,html,65307ca7,nathansso,2025-01-17,16:25:52,-08:00,2025-01-17T16:25:52-08:00,0,8
resume\index.html,67,html,65307ca7,nathansso,2025-01-17,16:25:52,-08:00,2025-01-17T16:25:52-08:00,0,39
resume\index.html,68,html,65307ca7,nathansso,2025-01-17,16:25:52,-08:00,2025-01-17T16:25:52-08:00,0,3
resume\index.html,69,html,65307ca7,nathansso,2025-01-17,16:25:52,-08:00,2025-01-17T16:25:52-08:00,0,52
resume\index.html,70,html,65307ca7,nathansso,2025-01-17,16:25:52,-08:00,2025-01-17T16:25:52-08:00,0,69
resume\index.html,71,html,65307ca7,nathansso,2025-01-17,16:25:52,-08:00,2025-01-17T16:25:52-08:00,0,93
resume\index.html,72,html,65307ca7,nathansso,2025-01-17,16:25:52,-08:00,2025-01-17T16:25:52-08:00,0,4
resume\index.html,73,html,65307ca7,nathansso,2025-01-17,16:25:52,-08:00,2025-01-17T16:25:52-08:00,0,9
resume\index.html,74,html,be3bcd18,nathansso,2025-01-24,10:14:12,-08:00,2025-01-24T10:14:12-08:00,0,0
resume\index.html,75,html,41175abf,nathansso,2025-02-07,18:16:25,-08:00,2025-02-07T18:16:25-08:00,0,49
resume\index.html,76,html,bdace339,nathansso,2025-01-10,18:06:12,-08:00,2025-01-10T18:06:12-08:00,0,6
resume\index.html,77,html,df0dbeb4,nathansso,2025-01-17,16:09:49,-08:00,2025-01-17T16:09:49-08:00,0,6
projects\projects.js,1,js,8338fbc8,nathansso,2025-01-29,12:09:20,-08:00,2025-01-29T12:09:20-08:00,0,56
projects\projects.js,2,js,b79d9980,nathansso,2025-02-06,17:12:19,-08:00,2025-02-06T17:12:19-08:00,0,64
projects\projects.js,3,js,8338fbc8,nathansso,2025-01-29,12:09:20,-08:00,2025-01-29T12:09:20-08:00,0,0
projects\projects.js,4,js,bb6fe570,nathansso,2025-02-07,18:15:32,-08:00,2025-02-07T18:15:32-08:00,0,22
projects\projects.js,5,js,bb6fe570,nathansso,2025-02-07,18:15:32,-08:00,2025-02-07T18:15:32-08:00,0,25
projects\projects.js,6,js,8338fbc8,nathansso,2025-01-29,12:09:20,-08:00,2025-01-29T12:09:20-08:00,0,0
projects\projects.js,7,js,8338fbc8,nathansso,2025-01-29,12:09:20,-08:00,2025-01-29T12:09:20-08:00,0,30
projects\projects.js,8,js,8338fbc8,nathansso,2025-01-29,12:09:20,-08:00,2025-01-29T12:09:20-08:00,0,4
projects\projects.js,9,js,8338fbc8,nathansso,2025-01-29,12:09:20,-08:00,2025-01-29T12:09:20-08:00,0,56
projects\projects.js,10,js,8338fbc8,nathansso,2025-01-29,12:09:20,-08:00,2025-01-29T12:09:20-08:00,0,0
projects\projects.js,11,js,8338fbc8,nathansso,2025-01-29,12:09:20,-08:00,2025-01-29T12:09:20-08:00,0,61
projects\projects.js,12,js,8338fbc8,nathansso,2025-01-29,12:09:20,-08:00,2025-01-29T12:09:20-08:00,0,64
projects\projects.js,13,js,8338fbc8,nathansso,2025-01-29,12:09:20,-08:00,2025-01-29T12:09:20-08:00,0,0
projects\projects.js,14,js,8338fbc8,nathansso,2025-01-29,12:09:20,-08:00,2025-01-29T12:09:20-08:00,0,49
projects\projects.js,15,js,8338fbc8,nathansso,2025-01-29,12:09:20,-08:00,2025-01-29T12:09:20-08:00,0,21
projects\projects.js,16,js,8338fbc8,nathansso,2025-01-29,12:09:20,-08:00,2025-01-29T12:09:20-08:00,0,58
projects\projects.js,17,js,8338fbc8,nathansso,2025-01-29,12:09:20,-08:00,2025-01-29T12:09:20-08:00,0,6
projects\projects.js,18,js,8338fbc8,nathansso,2025-01-29,12:09:20,-08:00,2025-01-29T12:09:20-08:00,0,0
projects\projects.js,19,js,8338fbc8,nathansso,2025-01-29,12:09:20,-08:00,2025-01-29T12:09:20-08:00,0,0
projects\projects.js,20,js,8338fbc8,nathansso,2025-01-29,12:09:20,-08:00,2025-01-29T12:09:20-08:00,0,37
projects\projects.js,21,js,8338fbc8,nathansso,2025-01-29,12:09:20,-08:00,2025-01-29T12:09:20-08:00,0,58
projects\projects.js,22,js,8338fbc8,nathansso,2025-01-29,12:09:20,-08:00,2025-01-29T12:09:20-08:00,0,0
projects\projects.js,23,js,8338fbc8,nathansso,2025-01-29,12:09:20,-08:00,2025-01-29T12:09:20-08:00,0,42
projects\projects.js,24,js,8338fbc8,nathansso,2025-01-29,12:09:20,-08:00,2025-01-29T12:09:20-08:00,0,64
projects\projects.js,25,js,8338fbc8,nathansso,2025-01-29,12:09:20,-08:00,2025-01-29T12:09:20-08:00,0,49
projects\projects.js,26,js,8338fbc8,nathansso,2025-01-29,12:09:20,-08:00,2025-01-29T12:09:20-08:00,0,7
projects\projects.js,27,js,8338fbc8,nathansso,2025-01-29,12:09:20,-08:00,2025-01-29T12:09:20-08:00,0,57
projects\projects.js,28,js,8338fbc8,nathansso,2025-01-29,12:09:20,-08:00,2025-01-29T12:09:20-08:00,0,0
projects\projects.js,29,js,8338fbc8,nathansso,2025-01-29,12:09:20,-08:00,2025-01-29T12:09:20-08:00,0,0
projects\projects.js,30,js,bb6fe570,nathansso,2025-02-07,18:15:32,-08:00,2025-02-07T18:15:32-08:00,0,15
projects\projects.js,31,js,bb6fe570,nathansso,2025-02-07,18:15:32,-08:00,2025-02-07T18:15:32-08:00,0,0
projects\projects.js,32,js,8338fbc8,nathansso,2025-01-29,12:09:20,-08:00,2025-01-29T12:09:20-08:00,0,16
projects\projects.js,33,js,8338fbc8,nathansso,2025-01-29,12:09:20,-08:00,2025-01-29T12:09:20-08:00,0,47
projects\projects.js,34,js,bb6fe570,nathansso,2025-02-07,18:15:32,-08:00,2025-02-07T18:15:32-08:00,0,9
projects\projects.js,35,js,8338fbc8,nathansso,2025-01-29,12:09:20,-08:00,2025-01-29T12:09:20-08:00,0,0
projects\projects.js,36,js,8338fbc8,nathansso,2025-01-29,12:09:20,-08:00,2025-01-29T12:09:20-08:00,0,0
projects\projects.js,37,js,8338fbc8,nathansso,2025-01-29,12:09:20,-08:00,2025-01-29T12:09:20-08:00,0,0
projects\projects.js,38,js,bb6fe570,nathansso,2025-02-07,18:15:32,-08:00,2025-02-07T18:15:32-08:00,0,34
projects\projects.js,39,js,bb6fe570,nathansso,2025-02-07,18:15:32,-08:00,2025-02-07T18:15:32-08:00,0,39
projects\projects.js,40,js,bb6fe570,nathansso,2025-02-07,18:15:32,-08:00,2025-02-07T18:15:32-08:00,0,43
projects\projects.js,41,js,bb6fe570,nathansso,2025-02-07,18:15:32,-08:00,2025-02-07T18:15:32-08:00,0,51
projects\projects.js,42,js,bb6fe570,nathansso,2025-02-07,18:15:32,-08:00,2025-02-07T18:15:32-08:00,0,0
projects\projects.js,43,js,bb6fe570,nathansso,2025-02-07,18:15:32,-08:00,2025-02-07T18:15:32-08:00,0,58
projects\projects.js,44,js,bb6fe570,nathansso,2025-02-07,18:15:32,-08:00,2025-02-07T18:15:32-08:00,0,0
projects\projects.js,45,js,bb6fe570,nathansso,2025-02-07,18:15:32,-08:00,2025-02-07T18:15:32-08:00,0,27
projects\projects.js,46,js,bb6fe570,nathansso,2025-02-07,18:15:32,-08:00,2025-02-07T18:15:32-08:00,0,13
projects\projects.js,47,js,bb6fe570,nathansso,2025-02-07,18:15:32,-08:00,2025-02-07T18:15:32-08:00,0,15
projects\projects.js,48,js,bb6fe570,nathansso,2025-02-07,18:15:32,-08:00,2025-02-07T18:15:32-08:00,0,13
projects\projects.js,49,js,bb6fe570,nathansso,2025-02-07,18:15:32,-08:00,2025-02-07T18:15:32-08:00,0,1
projects\projects.js,50,js,bb6fe570,nathansso,2025-02-07,18:15:32,-08:00,2025-02-07T18:15:32-08:00,0,0
projects\projects.js,51,js,bb6fe570,nathansso,2025-02-07,18:15:32,-08:00,2025-02-07T18:15:32-08:00,0,45
projects\projects.js,52,js,bb6fe570,nathansso,2025-02-07,18:15:32,-08:00,2025-02-07T18:15:32-08:00,0,36
projects\projects.js,53,js,bb6fe570,nathansso,2025-02-07,18:15:32,-08:00,2025-02-07T18:15:32-08:00,0,2
projects\projects.js,54,js,bb6fe570,nathansso,2025-02-07,18:15:32,-08:00,2025-02-07T18:15:32-08:00,0,0
projects\projects.js,55,js,bb6fe570,nathansso,2025-02-07,18:15:32,-08:00,2025-02-07T18:15:32-08:00,0,51
projects\projects.js,56,js,bb6fe570,nathansso,2025-02-07,18:15:32,-08:00,2025-02-07T18:15:32-08:00,0,0
projects\projects.js,57,js,bb6fe570,nathansso,2025-02-07,18:15:32,-08:00,2025-02-07T18:15:32-08:00,0,34
projects\projects.js,58,js,b79d9980,nathansso,2025-02-06,17:12:19,-08:00,2025-02-06T17:12:19-08:00,0,0
projects\projects.js,59,js,bb6fe570,nathansso,2025-02-07,18:15:32,-08:00,2025-02-07T18:15:32-08:00,0,46
projects\projects.js,60,js,112c1c36,nathansso,2025-02-07,09:40:58,-08:00,2025-02-07T09:40:58-08:00,0,0
projects\projects.js,61,js,bb6fe570,nathansso,2025-02-07,18:15:32,-08:00,2025-02-07T18:15:32-08:00,0,48
projects\projects.js,62,js,112c1c36,nathansso,2025-02-07,09:40:58,-08:00,2025-02-07T09:40:58-08:00,0,0
projects\projects.js,63,js,bb6fe570,nathansso,2025-02-07,18:15:32,-08:00,2025-02-07T18:15:32-08:00,0,25
projects\projects.js,64,js,bb6fe570,nathansso,2025-02-07,18:15:32,-08:00,2025-02-07T18:15:32-08:00,0,17
projects\projects.js,65,js,bb6fe570,nathansso,2025-02-07,18:15:32,-08:00,2025-02-07T18:15:32-08:00,0,14
projects\projects.js,66,js,bb6fe570,nathansso,2025-02-07,18:15:32,-08:00,2025-02-07T18:15:32-08:00,0,23
projects\projects.js,67,js,bb6fe570,nathansso,2025-02-07,18:15:32,-08:00,2025-02-07T18:15:32-08:00,0,52
projects\projects.js,68,js,bb6fe570,nathansso,2025-02-07,18:15:32,-08:00,2025-02-07T18:15:32-08:00,0,19
projects\projects.js,69,js,bb6fe570,nathansso,2025-02-07,18:15:32,-08:00,2025-02-07T18:15:32-08:00,0,44
projects\projects.js,70,js,bb6fe570,nathansso,2025-02-07,18:15:32,-08:00,2025-02-07T18:15:32-08:00,0,29
projects\projects.js,71,js,bb6fe570,nathansso,2025-02-07,18:15:32,-08:00,2025-02-07T18:15:32-08:00,0,80
projects\projects.js,72,js,bb6fe570,nathansso,2025-02-07,18:15:32,-08:00,2025-02-07T18:15:32-08:00,0,2
projects\projects.js,73,js,bb6fe570,nathansso,2025-02-07,18:15:32,-08:00,2025-02-07T18:15:32-08:00,0,2
projects\projects.js,74,js,bb6fe570,nathansso,2025-02-07,18:15:32,-08:00,2025-02-07T18:15:32-08:00,0,0
projects\projects.js,75,js,bb6fe570,nathansso,2025-02-07,18:15:32,-08:00,2025-02-07T18:15:32-08:00,0,33
projects\projects.js,76,js,bb6fe570,nathansso,2025-02-07,18:15:32,-08:00,2025-02-07T18:15:32-08:00,0,55
projects\projects.js,77,js,bb6fe570,nathansso,2025-02-07,18:15:32,-08:00,2025-02-07T18:15:32-08:00,0,25
projects\projects.js,78,js,bb6fe570,nathansso,2025-02-07,18:15:32,-08:00,2025-02-07T18:15:32-08:00,0,18
projects\projects.js,79,js,bb6fe570,nathansso,2025-02-07,18:15:32,-08:00,2025-02-07T18:15:32-08:00,0,71
projects\projects.js,80,js,bb6fe570,nathansso,2025-02-07,18:15:32,-08:00,2025-02-07T18:15:32-08:00,0,40
projects\projects.js,81,js,bb6fe570,nathansso,2025-02-07,18:15:32,-08:00,2025-02-07T18:15:32-08:00,0,131
projects\projects.js,82,js,bb6fe570,nathansso,2025-02-07,18:15:32,-08:00,2025-02-07T18:15:32-08:00,0,19
projects\projects.js,83,js,bb6fe570,nathansso,2025-02-07,18:15:32,-08:00,2025-02-07T18:15:32-08:00,0,48
projects\projects.js,84,js,bb6fe570,nathansso,2025-02-07,18:15:32,-08:00,2025-02-07T18:15:32-08:00,0,29
projects\projects.js,85,js,bb6fe570,nathansso,2025-02-07,18:15:32,-08:00,2025-02-07T18:15:32-08:00,0,74
projects\projects.js,86,js,bb6fe570,nathansso,2025-02-07,18:15:32,-08:00,2025-02-07T18:15:32-08:00,0,2
projects\projects.js,87,js,bb6fe570,nathansso,2025-02-07,18:15:32,-08:00,2025-02-07T18:15:32-08:00,0,2
projects\projects.js,88,js,bb6fe570,nathansso,2025-02-07,18:15:32,-08:00,2025-02-07T18:15:32-08:00,0,0
projects\projects.js,89,js,bb6fe570,nathansso,2025-02-07,18:15:32,-08:00,2025-02-07T18:15:32-08:00,0,0
projects\projects.js,90,js,bb6fe570,nathansso,2025-02-07,18:15:32,-08:00,2025-02-07T18:15:32-08:00,0,46
projects\projects.js,91,js,bb6fe570,nathansso,2025-02-07,18:15:32,-08:00,2025-02-07T18:15:32-08:00,0,61
projects\projects.js,92,js,bb6fe570,nathansso,2025-02-07,18:15:32,-08:00,2025-02-07T18:15:32-08:00,0,19
projects\projects.js,93,js,bb6fe570,nathansso,2025-02-07,18:15:32,-08:00,2025-02-07T18:15:32-08:00,0,27
projects\projects.js,94,js,bb6fe570,nathansso,2025-02-07,18:15:32,-08:00,2025-02-07T18:15:32-08:00,0,49
projects\projects.js,95,js,bb6fe570,nathansso,2025-02-07,18:15:32,-08:00,2025-02-07T18:15:32-08:00,0,7
projects\projects.js,96,js,bb6fe570,nathansso,2025-02-07,18:15:32,-08:00,2025-02-07T18:15:32-08:00,0,68
projects\projects.js,97,js,bb6fe570,nathansso,2025-02-07,18:15:32,-08:00,2025-02-07T18:15:32-08:00,0,57
projects\projects.js,98,js,bb6fe570,nathansso,2025-02-07,18:15:32,-08:00,2025-02-07T18:15:32-08:00,0,0
projects\projects.js,99,js,bb6fe570,nathansso,2025-02-07,18:15:32,-08:00,2025-02-07T18:15:32-08:00,0,0
projects\projects.js,100,js,bb6fe570,nathansso,2025-02-07,18:15:32,-08:00,2025-02-07T18:15:32-08:00,0,0
projects\projects.js,101,js,bb6fe570,nathansso,2025-02-07,18:15:32,-08:00,2025-02-07T18:15:32-08:00,0,35
projects\projects.js,102,js,bb6fe570,nathansso,2025-02-07,18:15:32,-08:00,2025-02-07T18:15:32-08:00,0,20
projects\projects.js,103,js,bb6fe570,nathansso,2025-02-07,18:15:32,-08:00,2025-02-07T18:15:32-08:00,0,32
projects\projects.js,104,js,bb6fe570,nathansso,2025-02-07,18:15:32,-08:00,2025-02-07T18:15:32-08:00,0,22
projects\projects.js,105,js,bb6fe570,nathansso,2025-02-07,18:15:32,-08:00,2025-02-07T18:15:32-08:00,0,27
projects\projects.js,106,js,bb6fe570,nathansso,2025-02-07,18:15:32,-08:00,2025-02-07T18:15:32-08:00,0,24
projects\projects.js,107,js,bb6fe570,nathansso,2025-02-07,18:15:32,-08:00,2025-02-07T18:15:32-08:00,0,2
projects\projects.js,108,js,b79d9980,nathansso,2025-02-06,17:12:19,-08:00,2025-02-06T17:12:19-08:00,0,0
projects\projects.js,109,js,bb6fe570,nathansso,2025-02-07,18:15:32,-08:00,2025-02-07T18:15:32-08:00,0,14
projects\projects.js,110,js,bb6fe570,nathansso,2025-02-07,18:15:32,-08:00,2025-02-07T18:15:32-08:00,0,54
projects\projects.js,111,js,bb6fe570,nathansso,2025-02-07,18:15:32,-08:00,2025-02-07T18:15:32-08:00,0,49
projects\projects.js,112,js,bb6fe570,nathansso,2025-02-07,18:15:32,-08:00,2025-02-07T18:15:32-08:00,0,40
projects\projects.js,113,js,bb6fe570,nathansso,2025-02-07,18:15:32,-08:00,2025-02-07T18:15:32-08:00,0,64
projects\projects.js,114,js,bb6fe570,nathansso,2025-02-07,18:15:32,-08:00,2025-02-07T18:15:32-08:00,0,51
projects\projects.js,115,js,bb6fe570,nathansso,2025-02-07,18:15:32,-08:00,2025-02-07T18:15:32-08:00,0,42
projects\projects.js,116,js,bb6fe570,nathansso,2025-02-07,18:15:32,-08:00,2025-02-07T18:15:32-08:00,0,1
projects\projects.js,117,js,bb6fe570,nathansso,2025-02-07,18:15:32,-08:00,2025-02-07T18:15:32-08:00,0,61
projects\projects.js,118,js,bb6fe570,nathansso,2025-02-07,18:15:32,-08:00,2025-02-07T18:15:32-08:00,0,63
projects\projects.js,119,js,bb6fe570,nathansso,2025-02-07,18:15:32,-08:00,2025-02-07T18:15:32-08:00,0,38
projects\projects.js,120,js,bb6fe570,nathansso,2025-02-07,18:15:32,-08:00,2025-02-07T18:15:32-08:00,0,2
projects\projects.js,121,js,b79d9980,nathansso,2025-02-06,17:12:19,-08:00,2025-02-06T17:12:19-08:00,0,0
projects\index.html,1,html,d758bf42,nathansso,2025-01-10,17:27:28,-08:00,2025-01-10T17:27:28-08:00,0,15
projects\index.html,2,html,d758bf42,nathansso,2025-01-10,17:27:28,-08:00,2025-01-10T17:27:28-08:00,0,5
projects\index.html,3,html,d758bf42,nathansso,2025-01-10,17:27:28,-08:00,2025-01-10T17:27:28-08:00,0,21
projects\index.html,4,html,d758bf42,nathansso,2025-01-10,17:27:28,-08:00,2025-01-10T17:27:28-08:00,0,69
projects\index.html,5,html,10e6c673,nathansso,2025-01-10,17:40:17,-08:00,2025-01-10T17:40:17-08:00,0,22
projects\index.html,6,html,41175abf,nathansso,2025-02-07,18:16:25,-08:00,2025-02-07T18:16:25-08:00,0,42
projects\index.html,7,html,d758bf42,nathansso,2025-01-10,17:27:28,-08:00,2025-01-10T17:27:28-08:00,0,6
projects\index.html,8,html,d758bf42,nathansso,2025-01-10,17:27:28,-08:00,2025-01-10T17:27:28-08:00,0,5
projects\index.html,9,html,b79d9980,nathansso,2025-02-06,17:12:19,-08:00,2025-02-06T17:12:19-08:00,0,0
projects\index.html,10,html,8338fbc8,nathansso,2025-01-29,12:09:20,-08:00,2025-01-29T12:09:20-08:00,0,39
projects\index.html,11,html,b79d9980,nathansso,2025-02-06,17:12:19,-08:00,2025-02-06T17:12:19-08:00,0,0
projects\index.html,12,html,bb6fe570,nathansso,2025-02-07,18:15:32,-08:00,2025-02-07T18:15:32-08:00,0,28
projects\index.html,13,html,bb6fe570,nathansso,2025-02-07,18:15:32,-08:00,2025-02-07T18:15:32-08:00,0,59
projects\index.html,14,html,bb6fe570,nathansso,2025-02-07,18:15:32,-08:00,2025-02-07T18:15:32-08:00,0,23
projects\index.html,15,html,bb6fe570,nathansso,2025-02-07,18:15:32,-08:00,2025-02-07T18:15:32-08:00,0,5
projects\index.html,16,html,8338fbc8,nathansso,2025-01-29,12:09:20,-08:00,2025-01-29T12:09:20-08:00,0,0
projects\index.html,17,html,bb6fe570,nathansso,2025-02-07,18:15:32,-08:00,2025-02-07T18:15:32-08:00,0,5
projects\index.html,18,html,bb6fe570,nathansso,2025-02-07,18:15:32,-08:00,2025-02-07T18:15:32-08:00,0,16
projects\index.html,19,html,bb6fe570,nathansso,2025-02-07,18:15:32,-08:00,2025-02-07T18:15:32-08:00,0,12
projects\index.html,20,html,bb6fe570,nathansso,2025-02-07,18:15:32,-08:00,2025-02-07T18:15:32-08:00,0,27
projects\index.html,21,html,bb6fe570,nathansso,2025-02-07,18:15:32,-08:00,2025-02-07T18:15:32-08:00,0,32
projects\index.html,22,html,bb6fe570,nathansso,2025-02-07,18:15:32,-08:00,2025-02-07T18:15:32-08:00,0,1
projects\index.html,23,html,d0545728,nathansso,2025-02-07,17:59:22,-08:00,2025-02-07T17:59:22-08:00,0,0
projects\index.html,24,html,bb6fe570,nathansso,2025-02-07,18:15:32,-08:00,2025-02-07T18:15:32-08:00,0,27
projects\index.html,25,html,2f0dc66d,nathansso,2025-01-17,14:55:15,-08:00,2025-01-17T14:55:15-08:00,0,0
projects\index.html,26,html,41175abf,nathansso,2025-02-07,18:16:25,-08:00,2025-02-07T18:16:25-08:00,0,49
projects\index.html,27,html,41175abf,nathansso,2025-02-07,18:16:25,-08:00,2025-02-07T18:16:25-08:00,0,48
projects\index.html,28,html,d758bf42,nathansso,2025-01-10,17:27:28,-08:00,2025-01-10T17:27:28-08:00,0,6
projects\index.html,29,html,10e6c673,nathansso,2025-01-10,17:40:17,-08:00,2025-01-10T17:40:17-08:00,0,6
contact\index.html,1,html,d758bf42,nathansso,2025-01-10,17:27:28,-08:00,2025-01-10T17:27:28-08:00,0,14
contact\index.html,2,html,d758bf42,nathansso,2025-01-10,17:27:28,-08:00,2025-01-10T17:27:28-08:00,0,15
contact\index.html,3,html,d758bf42,nathansso,2025-01-10,17:27:28,-08:00,2025-01-10T17:27:28-08:00,0,5
contact\index.html,4,html,d758bf42,nathansso,2025-01-10,17:27:28,-08:00,2025-01-10T17:27:28-08:00,0,21
contact\index.html,5,html,d758bf42,nathansso,2025-01-10,17:27:28,-08:00,2025-01-10T17:27:28-08:00,0,69
contact\index.html,6,html,d758bf42,nathansso,2025-01-10,17:27:28,-08:00,2025-01-10T17:27:28-08:00,0,21
contact\index.html,7,html,41175abf,nathansso,2025-02-07,18:16:25,-08:00,2025-02-07T18:16:25-08:00,0,42
contact\index.html,8,html,d758bf42,nathansso,2025-01-10,17:27:28,-08:00,2025-01-10T17:27:28-08:00,0,6
contact\index.html,9,html,d758bf42,nathansso,2025-01-10,17:27:28,-08:00,2025-01-10T17:27:28-08:00,0,5
contact\index.html,10,html,d758bf42,nathansso,2025-01-10,17:27:28,-08:00,2025-01-10T17:27:28-08:00,0,15
contact\index.html,11,html,e09c682b,nathansso,2025-01-24,11:29:05,-08:00,2025-01-24T11:29:05-08:00,0,59
contact\index.html,12,html,bdace339,nathansso,2025-01-10,18:06:12,-08:00,2025-01-10T18:06:12-08:00,0,30
contact\index.html,13,html,53497d01,nathansso,2025-01-17,12:19:56,-08:00,2025-01-17T12:19:56-08:00,0,49
contact\index.html,14,html,53497d01,nathansso,2025-01-17,12:19:56,-08:00,2025-01-17T12:19:56-08:00,0,0
contact\index.html,15,html,bdace339,nathansso,2025-01-10,18:06:12,-08:00,2025-01-10T18:06:12-08:00,0,36
contact\index.html,16,html,53497d01,nathansso,2025-01-17,12:19:56,-08:00,2025-01-17T12:19:56-08:00,0,55
contact\index.html,17,html,53497d01,nathansso,2025-01-17,12:19:56,-08:00,2025-01-17T12:19:56-08:00,0,0
contact\index.html,18,html,e09c682b,nathansso,2025-01-24,11:29:05,-08:00,2025-01-24T11:29:05-08:00,0,33
contact\index.html,19,html,53497d01,nathansso,2025-01-17,12:19:56,-08:00,2025-01-17T12:19:56-08:00,0,70
contact\index.html,20,html,53497d01,nathansso,2025-01-17,12:19:56,-08:00,2025-01-17T12:19:56-08:00,0,0
contact\index.html,21,html,53497d01,nathansso,2025-01-17,12:19:56,-08:00,2025-01-17T12:19:56-08:00,0,34
contact\index.html,22,html,e09c682b,nathansso,2025-01-24,11:29:05,-08:00,2025-01-24T11:29:05-08:00,0,6
contact\index.html,23,html,41175abf,nathansso,2025-02-07,18:16:25,-08:00,2025-02-07T18:16:25-08:00,0,49
contact\index.html,24,html,d758bf42,nathansso,2025-01-10,17:27:28,-08:00,2025-01-10T17:27:28-08:00,0,6
contact\index.html,25,html,d758bf42,nathansso,2025-01-10,17:27:28,-08:00,2025-01-10T17:27:28-08:00,0,6
contact\index.html,26,html,e09c682b,nathansso,2025-01-24,11:29:05,-08:00,2025-01-24T11:29:05-08:00,0,0
